review_id,product_id,category,rating,review_text,review_title,review_date,user_id,language
zh_0337500,product_zh_0931572,other,3,是第三方配送的，出差回来收到，包装很高大上，打开后做工也不错，但是音质么，真的太一般了。 除了运动听快节奏的音乐，估计其他作用不大。 但是蓝牙的确方便。所以也算到到要求了。 但是性价比真一般。。。。 可是，收到的第二天中午挂在脖子上出来，回来就不见了！！！！不见了！！！！ 姐姐用48小时还没到啊。那个什么磁铁功能啊！！！！哭死！！！ 另外第三方没有一起安排发票，打电话给亚马逊客服，态度很好的，说会安排后续寄出。,外形不错，但音质要求不能太高！！！,2026-06-01,reviewer_zh_0410983,zh
en_0525255,product_en_0286787,wireless,4,This phone case is exactly what I imagined it would be. The only negative is you have to take the case off to charge it on the wireless charger.,Great - can’t wireless charge in the case,2026-06-01,reviewer_en_0190258,en
ja_0304286,product_ja_0284545,pc,4,タッチタイピングの練習に購入しました。 キーの手応えがある感じ？です。,お安くて満足です。,2026-06-01,reviewer_ja_0665494,ja
ja_0034561,product_ja_0657187,pc,4,この手の商品のレビューを見ると不安ばかりでしたが、どうしてもスイッチを車内でやりたくて、hdmiのあるこの商品を購入しました。 実際に使ってみると、よくも悪くもレビュー通りで価格相応かと思いました。欲をいえばオンダッシュのスタンドがもう少ししっかりした作りだとうれしかったです。 後はちょくちょく車内で使うこともないので、普段室内で使って耐久性を見たいと思います。,まぁ～価格相応かな？,2026-06-01,reviewer_ja_0521525,ja
zh_0832854,product_zh_0887728,apparel,3,8月2日下的订单，8月10日中午到货，如果是从国外寄回来，速度就真的很快了，如果是国内发货的话……皮带的质量摸上去还可以，但是扫描条形码是没有任何信息的，至于是真货还是假货自己去思考和判断吧……,真货还是假货自己判断,2026-06-01,reviewer_zh_0505409,zh
ja_0918863,product_ja_0813772,book,4,知らなかった事が多いので、大変勉強になりました。良く調べているなと感心しました。,勉強になります,2026-06-01,reviewer_ja_0743887,ja
en_0404542,product_en_0996656,home_improvement,4,Exactly as described.,Not an install,2026-06-01,reviewer_en_0720708,en
fr_0668604,product_fr_0406068,home,3,Pas assez si le matelas est mince,Pas assez,2026-06-01,reviewer_fr_0482897,fr
de_0422544,product_de_0655337,book,5,Tolles Buch mit vielen guten Anregungen,Wichtig für jeden Fotografen,2026-06-01,reviewer_de_0487918,de
fr_0522515,product_fr_0088800,wireless,1,"La fiche n'a pas le même écart que celui de mon rasoir Philips et même en taillant au cutter le centre de la fiche pour l'écarter , une fois branché sur le rasoir, le courant me passe pas. Achat non remboursable donc et article inutile.",branchement impossible !,2026-06-01,reviewer_fr_0537711,fr
es_0969621,product_es_0418147,home,5,"nos ha gustado un monton, mi hija esta encantada de la vida",es muy utili,2026-06-01,reviewer_es_0478917,es
ja_0382514,product_ja_0211528,office_product,1,配達完了しているみたいですが、宅配ボックスの暗証番号が、知らされていません。したがってボックスを開けることができません。どうしたら良いのですか？ 伝票等は投函されていませんでした。,暗証番号がわかりません。,2026-06-01,reviewer_ja_0751943,ja
fr_0766826,product_fr_0433735,automotive,4,"Je n'ai pas eu l'occasion de m'en servir mais le kit fait sérieux reste à voir son efficacité et le prix est très correct , je l'ai acheté pour une voiture qui n'est n'y fourni avec un cric n'y avec un nécessaire de crevaison par contre les pneus sont fournis c'est déjà pas mal ...!? Livraison dans les temps rien à redire dessus",conforme au descriptif,2026-06-01,reviewer_fr_0865299,fr
de_0983045,product_de_0515878,book,5,"Das erste ""Sing mal"" haben wir unserer kleinen Emily aus Deutschland nach England mitgebracht, wo wir wohnen. Emily (damals 2 Jahre alt) hat ihre Lieder im Buch so oft gespielt dass nur noch ein Lied ging und wollte es unbedingt ""repariert"" haben. Wir, und unsere liebe Emily, waren sehr gluecklich dass wir nochmal das gleiche Buch bei ""AMAZON"" gefunden haben.",Unser zweites Buch auf Wunsch unserer Enkelin.,2026-06-01,reviewer_de_0859316,de
de_0907338,product_de_0254022,beauty,5,"Kennengelernt und empfohlen bekommen, habe ich das Shampoo beim Friseur. Ich habe sehr dickes, teilweise lockiges und seit Jahren durchgefärbte lange Haare, die irgendwann auch mal die weiße Fahne hissen. Mit diesem Shampoo habe ich seit langer Zeit mal wieder weiches, gepflegtes Haar.",Super Shampoo für schwieriges Haar,2026-06-01,reviewer_de_0122295,de
es_0411027,product_es_0030504,home,5,"Bonitos, originales y relación calidad precio muy buena. Totalmente recomendables. Compré dos en morado y me encanta el resultado. Encantada",Bas,2026-06-01,reviewer_es_0480942,es
en_0242299,product_en_0369441,apparel,2,I ordered a size up and its a bit small. The texture isn't swimsuit texture at all....its very cheap and provides no support or separation for the breast area. It was hard to untangle when I first got it too.,"Cheap, not worth the money.",2026-06-01,reviewer_en_0529675,en
ja_0035442,product_ja_0373884,other,5,画像・画質共に申し分ありません。しかも『プレゼント・磁器シート』が見つけられなくて（箱の底に入ってた!）「なかった」と言ったら直ぐに郵便で送って下さった！ごめんなさい。入ってたのです。録画再生の時、早送りの時間の残りが表示されないのがちょっと気掛かりではあるけれど、録画も入れやすいし、再生も楽だし申し分ありません！前のに比べると画面の位置を（回転して）変えられないのが残念だけど、軽いのでひょいと持ち上げて変えてます。まだ“隠れた機能”があるんじゃないかとリモコン色々触りまくってます(^o^),凄く綺麗！,2026-06-01,reviewer_ja_0738036,ja
zh_0101598,product_zh_0902117,shoes,4,还行吧感觉有点臃肿，不知道以后质量怎么样,有点小贵,2026-06-01,reviewer_zh_0747940,zh
de_0972736,product_de_0401077,home_improvement,2,"Erfüllt eigentlich seinen Zweck, kam jedoch in zwei Teilen an. Bin von Amazon bessere Verpackungen gewohnt. War nur in einem Karton.",Kaputt,2026-06-01,reviewer_de_0378281,de
fr_0030543,product_fr_0139840,furniture,3,Un peu de mal à digérer Et passe pas très bien au four quand je fais mon granola Après ça le goût reste correct vu le prix c'est intéressant,Flocon c'est bon,2026-06-01,reviewer_fr_0678458,fr
zh_0667618,product_zh_0923562,digital_ebook_purchase,1,作为一个过来人看看标题就够了，没有新的东西,只看标题,2026-06-01,reviewer_zh_0176713,zh
ja_0147110,product_ja_0999726,digital_ebook_purchase,2,それぞれ成長した姿で白熱した戦いではあるけど 過去の試合とあまり変わらないように見えて それぞれの想いなども描いてるけど新鮮さを感じなくなった。 個人戦も団体戦も1対1だからマンガで描くには幅がないのかも…,ちょっと飽きてきた,2026-06-01,reviewer_ja_0821882,ja
de_0595362,product_de_0528710,pc,3,USB 3.0 Port Erweiterung mit Kartenslot. SD Karten werden nur zufällig mal erkannt. Kontaktfehler?,Schönes Design für iMac,2026-06-01,reviewer_de_0986916,de
de_0166454,product_de_0837767,automotive,2,"...trifft hier leider voll und ganz zu. Geliefert werden zwei Bürsten, von der die erste direkt nach ein paar Minuten im Einsatz kaputt ging. Die zwei Sterne auch nur deshalb, weil die Andere noch lebt. Würde ich nicht nochmal kaufen. Der Versand dauert auch recht lange, da die Teile aus Fernost kommen.",Wer billig kauft kauft zwei mal...,2026-06-01,reviewer_de_0497566,de
de_0158560,product_de_0310795,pc,2,"Ich benutze zwei dieser Geräte - eines im Büro - eines zuhause. Beide sind jetzt ca. 18 Monate alt. Wenn sie denn funktionieren, bin ich mit der Bildqualität sehr zufrieden. Sie hängen beide per Thunderbolt an einem MacBook Pro. Das ist sehr komfortabel, denn man hat mit dem Monitor quasi nebenbei eine Thunderbolt-Docking-Station mit Monitor, Sound und USB 3.0. Wenn sie denn funktionieren ... Beim ersten Gerät gab es nach 15 Monaten Probleme - zuerst zuckende Bildfehler am rechten Rand, dann funktionierte einer der beiden Thunderbolt-Ports nicht mehr, USB fiel in unregelmäßigen Abständen aus. Meine Firma hat das Gerät über LG zu einem von LG autorisierten Servicepartner geschickt. Zwei Wochen ist zunächst einmal nichts passiert. Nach Anruf meinte man, man bräuchte dringend die Fehlerbeschreibung, sonst müsste man das Gerät unrepariert auf Kosten des Kunden zurückschicken. Eine ausführliche Fehlerbeschreibung lag dem Gerät zwar beim Einschicken bei - der Umschlag mit der Beschreibung kam hinterher sogar wieder leer zu mir zurück, aber der Reparaturbetrieb konnte ihn wohl nicht sofort finden. Nach weiteren drei Wochen kam das Gerät mit getauschtem Main-Board zurück. Reparaturbetrieb musste solange aufs Ersatzteil warten. Läuft seitdem wieder. Wartezeit mehr als ärgerlich. Das angehängte Bild zeigt eines der Probleme. Beim zweiten Gerät scheint ebenfalls das Main-Board betroffen zu sein. Das Gerät lässt sich trotz funktionierendem Netzteil nicht mehr einschalten. Ich habe nun den von Amazon angebotenen Reparatur-Service angefordert. Amazon spricht von 8 Tagen Wartezeit. Mal sehen ... Darüber hinaus habe ich noch einen weiteren LG-Monitor - 29 Zoll, auch 21:9. Bei dem funktionierte nach 25 Monaten das Aufwachen aus dem Standby-Modus nicht mehr. Insgesamt drei Gründe, keine LG-Geräte mehr zu kaufen. Die Fertigungsqualität scheint so schlecht zu sein, dass es sich lohnt, die Verpackung für die Rücksendung einzulagern.","Bildqualität prima, Lebensdauer mangelhaft, LG Service mangelhaft",2026-06-01,reviewer_de_0839810,de
de_0532169,product_de_0600422,home,1,"Wie lange dauert die Lieferung noch bis ich sie bekomme,im Winter bringt sie mir nichts mehr. Das Gerät brauche ich jetzt wo es so heiß ist zur Abkühlung! Hoffe es wird bald geliefert. M.f.G. Franz Resch.",So bald zu liefern wie möglich!,2026-06-01,reviewer_de_0200529,de
fr_0190926,product_fr_0470413,home,5,Elle son trop belle eclaire bien vraiment top ca fais trop beau dans ma salle a manger tout le monde a dit c magnifique,Jadore wahou,2026-06-01,reviewer_fr_0190882,fr
de_0898040,product_de_0713501,sports,5,"Die Verpackung ist Sehr schön gemacht. Dadrinne gibts eine Hard case Tasche, sehr viel Equipment, Adapter und 4k Kamera.Das Gerät ist die sehr hochwertig an. Bildqualität ist sehr gut. Akku dauer reicht sehr aus und leicht aufladbar. Würde jedem empfehlen.",Super Kamara,2026-06-01,reviewer_de_0498488,de
en_0396450,product_en_0114035,office_product,5,Higher quality than expected,Dope,2026-06-01,reviewer_en_0406792,en
zh_0531254,product_zh_0527087,wireless,2,1300万像素拍成这样也是服了。1300像素差不多。信号不错,1300像素差不多,2026-06-01,reviewer_zh_0328641,zh
fr_0788895,product_fr_0334650,home,1,ne marche pas et pas de remboursement des frais de renvoi,nul,2026-06-01,reviewer_fr_0455543,fr
de_0349377,product_de_0739111,toy,4,Super tolles Spiel macht Spaß und das Kind ist total hin und weg. Es kam schnell an. So wie man es gewöhnt ist.,Spaß,2026-06-01,reviewer_de_0106303,de
es_0387146,product_es_0872745,sports,3,Bueno los tornillos no son muy buenos pero no está mal en relación calidad precio,No está mal,2026-06-01,reviewer_es_0339401,es
es_0159210,product_es_0564213,home,2,"Yo compré un pack de dos y uno de ellos me ha fallado al mes de uso. Aunque ponga pilas nuevas, no se enciende. El otro todo correcto por ahora.",Uno me ha salido malo,2026-06-01,reviewer_es_0315292,es
zh_0566587,product_zh_0724857,book,1,这种也能出书啊？出版社能不能稍微有点专业素养啊？新手看这本书不如去看FAQ，老手看这个就是通篇看废话，书钱没多少，花得冤枉,强烈建议不要买！写得还不如交易所的FAQ,2026-06-01,reviewer_zh_0562505,zh
en_0613592,product_en_0785432,shoes,4,"Great diaper bag, the leather strap is not durable though. I ended up ripping apart after one use but I can still hook the bag to my car seat with the 2 straps.",Great storage,2026-06-01,reviewer_en_0233716,en
en_0270148,product_en_0416951,kitchen,3,"I originally had the assembly about medium hand tight. That leaked like there was no tomorrow. I now have it cranked down to as tight as I can possibly get it, to the point I think it might break if it goes any tighter. That still leaks, about 10% of the original leak. There are still a few drops on the floor within a few minutes after filling a glass. Whether that is coming from the connection or from the spigot internally, it's a design flaw none-the-less.",Leaks from spigot,2026-06-01,reviewer_en_0285203,en
zh_0293865,product_zh_0221572,book,5,看了别人的书，看了几眼，觉得还挺实用的，自己买了一本，打算看完后送给表妹。,觉得还挺实用的,2026-06-01,reviewer_zh_0357109,zh
fr_0334413,product_fr_0468367,beauty,1,Il manque des bracelets sur la photo il y en n'a 3 de plus donc très déçu...,Déçu,2026-06-01,reviewer_fr_0712672,fr
fr_0266151,product_fr_0887492,beauty,2,"Je tousse à chaque bouffée. Il y a plein de modes différents, plein de réglages, mais la notice ne dit rien à ce sujet. Sur youtube, pas trouvé grand chose non plus. Je pense que c'est donc plus une cigarette pour quelqu'un qui est déjà habitué à la cigarette électronique, pas pour une débutante comme moi","Trop compliquée à utiliser, pas de notice clair",2026-06-01,reviewer_fr_0028039,fr
en_0919820,product_en_0428417,kitchen,1,Horrible grinder. Even after adjusting the beans just feel through. If I still had the box it would be going back.,NO GRIND HERE,2026-06-01,reviewer_en_0495386,en
ja_0717980,product_ja_0004448,digital_ebook_purchase,2,29ページの左下の子供の顔！笑かしてくれますね…！作画崩壊を楽しむ漫画です。 が、実の父親を虐待する描写は胸糞でした。見なきゃ良かった。この作者さんは子供とか動物を酷い目に合わせるのが趣味なのかな？,作画崩壊はレベルアップ,2026-06-01,reviewer_ja_0918225,ja
fr_0153388,product_fr_0119596,home_improvement,5,objet bien reçu envoie rapide,objet bien reçu envoie rapide,2026-06-01,reviewer_fr_0102153,fr
en_0436477,product_en_0138923,wireless,2,It looks cheap and the cut outs are white that’s not how it looks in the picture I’m returning it .,It looks cheap and the cut outs are white that’s ...,2026-06-01,reviewer_en_0152963,en
es_0112099,product_es_0144759,furniture,2,"No me fue enviado ,pero si puedo decir que me devolvieron el dinero .debió a ver algún problema en el trayecto",Un poco decepcionada,2026-06-01,reviewer_es_0461287,es
ja_0027892,product_ja_0991529,kitchen,5,想像以上に軽く、小さいので置く場所に困りません。すぐにゴミを取り出せて掃除をしやすくなりました。,掃除をしやすくなりました。,2026-06-01,reviewer_ja_0288505,ja
fr_0574140,product_fr_0471674,baby_product,4,"Le tapis est grand, plein de couleur. La seule chose qui est dommage c'est qu'on ne puisse pas alterné le côté doux et le côté sensoriel ! Sinon c'est très bien.",Super,2026-06-01,reviewer_fr_0166113,fr
es_0186753,product_es_0951295,lawn_and_garden,3,"Bien, cumple su función",Bien,2026-06-01,reviewer_es_0282312,es
fr_0366552,product_fr_0576531,sports,5,"Je travaille en restauration et souffre régulièrement de crampes, depuis plusieurs mois j'utilise des chaussettes de contention et mes douleurs ont disparu. Celles-ci sont de très bonne qualité, elle serre bien mais pas trop. A voir dans le temps si elles ne s'abîment pas trop vite.",Vraiment bien .,2026-06-01,reviewer_fr_0784351,fr
en_0558361,product_en_0678184,lawn_and_garden,3,Received mine and used a drill to make life 1000 percent easier. Took off because one of the table legs was missing and I needed to set for a particular event :-(,Received mine and used a drill to make life 1000 ...,2026-06-01,reviewer_en_0686031,en
zh_0524652,product_zh_0035323,book,5,包装完好，亚马逊发货快，阅读感觉不错，纸质还行，能够满足自己的期望，比较优惠,好书,2026-06-01,reviewer_zh_0282602,zh
zh_0340246,product_zh_0374175,sports,2,不能做车前灯，固定在车头的话，电池挂哪里？,不适合做车前灯,2026-06-01,reviewer_zh_0860188,zh
fr_0747655,product_fr_0321473,toy,3,"Conforme à la photo, mais arrivé complètement écrasé et à moitié sortis de son emballage","Conforme, livraison pas terrible",2026-06-01,reviewer_fr_0708406,fr
zh_0605012,product_zh_0294561,wireless,1,一直以来都挺相信亚马逊的，这次也没让我失望，不错,一如既往,2026-06-01,reviewer_zh_0917489,zh
en_0343910,product_en_0829833,apparel,1,"Very loose for my baby, they easily fall off.",Very loose,2026-06-01,reviewer_en_0401939,en
zh_0685491,product_zh_0436480,drugstore,4,最近几次买的袋子都有点破了，都漏了。这次买的2包，发票就开了一包的票，请补开一张,狗粮,2026-06-01,reviewer_zh_0309821,zh
ja_0507782,product_ja_0352327,pc,1,商品説明の写真と表示の大きさが異なる。商品説明では丸枠ケースいっぱいの表示の画像だが、実際には表示部分は丸枠ケースよりも遙かに小さい。視認性を重視して購入したが、実際には表示がケースよりも二回りくらい小さく説明写真と著しく異なるので返品した。,画面表示が小さい,2026-06-01,reviewer_ja_0730751,ja
ja_0122902,product_ja_0846349,kitchen,2,使用して３ヶ月ほど。 壊れました。 使い勝手が良かった分、残念です。,うーん。,2026-06-01,reviewer_ja_0689280,ja
es_0857495,product_es_0835431,sports,5,"Me ha gustado también la estética, es elegante y cuidada.","Eficaz, mantiene muy bien el frío.",2026-06-01,reviewer_es_0339898,es
ja_0020679,product_ja_0762050,home,2,おひつっぽくなくていい！ただ大きいです。,可愛いです,2026-06-01,reviewer_ja_0661268,ja
en_0631038,product_en_0839307,jewelry,1,"It's a cute ring but in my opinion it's not a toe ring, it's too big to be a toe ring.. it's huge on my toe and when I made it smaller you couldn't see the arrow or the feathers on the other end ☹️",It's a cute ring but in my opinion it's not ...,2026-06-01,reviewer_en_0354404,en
es_0229107,product_es_0741656,baby_product,3,"Esperaba que fueran de algodón y son calentitas, como de forro polar. Las he devuelto, pero para invierno irán bien.",Tere Saez,2026-06-01,reviewer_es_0361824,es
fr_0409455,product_fr_0226278,office_product,2,"J'ai utilisé ce produit pour découper plusieurs feuilles à la fois, en respectant les consignes de la notice. Malgré cela, la coupe devient du déchirement en fin de coupe. De plus, le calage n'est pas correct si l'on suit le guide de coupe. Je regrette cet achat.",Ne coupe pas très droit et déchire le papier,2026-06-01,reviewer_fr_0823345,fr
zh_0798083,product_zh_0240860,apparel,4,质量不错大小也刚好合适，洗了一次也不会褪色穿起来蛮不错的赞,质量不错,2026-06-01,reviewer_zh_0619699,zh
fr_0871462,product_fr_0460742,home,4,article conforme simple d'utilisation et fonctionnel. je conseil.,pas de pile livré avec mais satisfaite malgrés tout,2026-06-01,reviewer_fr_0463263,fr
en_0379611,product_en_0873243,shoes,4,These shoes are super cute and comfy. However I recommend sizing down 1/2 a size at least.,Great looking shoes. 1/2 too big,2026-06-01,reviewer_en_0164865,en
de_0245676,product_de_0085526,home,5,Wegen des Umzugs nach andrer Stadt entschied ich diese Vakuumbeutel im Amazon zu kaufen. Die Lieferungsleistung ist hoch. Für die Preis ist es günstiger. Mit der unterschiedlichen Größen wird die geeignete Sache angepasst. Total überrascht. Durch diese Beutel kann ich so viel Volumen einsparen. Gleichzeitig ist es die Qualität alle OK. Mit dem Staubsauger kann ich schneller die Luft aussaugen.,Gut Ausrüstung zum Umzug,2026-06-01,reviewer_de_0302059,de
fr_0215576,product_fr_0472310,lawn_and_garden,1,"Acheté au mois de juin 2018, télécommande peu réactive et ne fonctionne plus à ce jour. Déçu par cet achat.",HS au bout de 4 mois,2026-06-01,reviewer_fr_0829361,fr
de_0161831,product_de_0114727,furniture,3,Würde schnell geliefert Ware super,Tiptop,2026-06-01,reviewer_de_0601039,de
de_0245488,product_de_0587414,home,1,"Das Produkt war 10 Monate sporadisch im Einsatz. Dann hat es nicht mehr funktioniert. Der Lieferant wurde 2 mal deswegen angeschrieben. Leider keine Reaktion, obwohl das Produkt mit 24 Monaten Garantie beworben wurde. Bei dieser Firma werde ich nichts mehr kaufen.",Kaputt nach 10 Monaten,2026-06-01,reviewer_de_0876381,de
en_0081775,product_en_0603368,pet_products,3,It didn't take long and my dog store it up,Not as durable as I thought,2026-06-01,reviewer_en_0249355,en
es_0293186,product_es_0598736,drugstore,3,"Esta bastante bien aunque es algo incómodo de llevar, ya que molesta en la zona de la axilas, pero hace su función",Pasable,2026-06-01,reviewer_es_0225723,es
de_0695377,product_de_0941184,toy,4,"Gute Qualität, die Verpackung allerdings unverhältnismäßig groß.",Verpackung zu groß,2026-06-01,reviewer_de_0011208,de
de_0702721,product_de_0565465,apparel,2,"...sie halten einfach nicht lang genug. Nach wenigem Tragen bereits Löcher am Ballen, Ferse, Zehe. Schön waren Farbe und Sitz, das R bzw. L war jeweils leicht erkennbar. Das Problem trat bei jeder Farbe auf.","Wirklich angenehme Socken, aber...",2026-06-01,reviewer_de_0674781,de
zh_0590072,product_zh_0992067,book,2,气死我了，买了三本包装都是完好的，就这本不但被拆了而且居然连答案都不给？失望,居然没答案！,2026-06-01,reviewer_zh_0089119,zh
es_0324208,product_es_0308664,drugstore,4,"Muy suave y hace buena espuma, casi no tira pelo,",Buena brocha,2026-06-01,reviewer_es_0359708,es
fr_0109693,product_fr_0379437,wireless,1,même pas adapte pour mon a5 quel merde autant aller en grande surface on va gagnée en tarif et rapidité,pffffffff,2026-06-01,reviewer_fr_0899402,fr
ja_0066312,product_ja_0134550,grocery,3,天然で無添加だから安心して使えます。 化学調味料を使ったダシの元とは違って優しい味わいです。 ただダシがけっこう甘めに仕上がります。 材料の配合の加減でしょうか。 個人的にはもっと苦みが効いた味わいが好きなので、そこは少し残念でした。 以前は1袋ずつ買えたのに、最低２袋づつでしか買えなくなりました。 一人暮らしだとそんなに使用しないので、この部分は改悪ですね,ちょっと甘いかな（追記あり）,2026-06-01,reviewer_ja_0797191,ja
en_0930847,product_en_0680909,pet_products,2,"This product does not work! I only bought it because it was recommended by a friend. The scratching subsided at first. Then I added flea drops. That finally helped. No more fleas. After a month, the scratching is back. Very disappointed that I paid $50 and it's a waste of money.",Waste of money,2026-06-01,reviewer_en_0078091,en
fr_0767340,product_fr_0099210,beauty,4,"FOREO LUNA play plus Brosse lissante visage... produit féminin de nettoyage de la peau. Livré rapidement dans un bon emballage sans frais de port, donc 20€ moins cher qu'en passant par le site du constructeur. Bravo Amazon !",FOREO LUNA play plus Brosse lissante visage...,2026-06-01,reviewer_fr_0920402,fr
de_0295117,product_de_0287683,toy,1,"Billige, schlechte Verarbeitung. Kein nochmaliger Kauf.... Da habe ich mir mehr versprochen.",Schlechte Qualität....,2026-06-01,reviewer_de_0770187,de
de_0772430,product_de_0888858,office_product,2,Das Schreibverhalten entspricht leider nicht den Erwartungen. Das Schriftbild kommt sehr dünn raus. Im Gegensatz zum Pelikan ist er sehr gewöhnungsbedürftig. Optisch sieht er Top aus.,Die Erwartungen wurden nicht ganz erfüllt.,2026-06-01,reviewer_de_0594797,de
zh_0922081,product_zh_0669850,digital_ebook_purchase,1,"简直是过分,干这种骗人的手段好玩吗?就算是英文般的,你也标注一下啊?不然的话,宁可买其他版本。刚翻开来还以为是中英对照呢,没想到是全英文的!!!!!!!!!!干这种事你高兴,你很嗨皮啊?",上当了!!!!!!!!!!!!!!!,2026-06-01,reviewer_zh_0936155,zh
ja_0657134,product_ja_0539423,beauty,2,間違ってモイスト買いました。乾燥の時期は良いかなと思います。,保湿性,2026-06-01,reviewer_ja_0422464,ja
fr_0743562,product_fr_0566289,home_improvement,3,"Un peu plus d'un après achat, le mandrin s'est cassé, impossible de le desserrer. Echange gratuit d'Amazon, c'est parfait, mais un produit plus costaud serait appréciable. L'outil est peu puissant, ce qui est logique car produit d'entrée de gamme, donc les perçages peuvent vite s'avérer laborieux, voire impossibles.",Peu fiable,2026-06-01,reviewer_fr_0942137,fr
en_0374808,product_en_0327296,grocery,5,These are really fresh and salted just right. Very tender too.,Fresh and tasty.,2026-06-01,reviewer_en_0744481,en
zh_0017255,product_zh_0573454,digital_ebook_purchase,4,部分通俗易懂，部分专业性较强，一人一涟漪的说法贴切,部分值得认真读,2026-06-01,reviewer_zh_0905370,zh
es_0345372,product_es_0770889,apparel,4,El producto ya lo conocía pues ya tengo unas iguales con mas de 15 años. No pongo las 5 estrellas porque hubo algún pequeño problema con el envio,excelente producto,2026-06-01,reviewer_es_0338111,es
en_0776687,product_en_0009279,drugstore,2,I was so excited about this product!! I was disappointed when the product would not gotten the arch in the table nor on the ground. The plastic pipes begin to bend leaving a crease in the tubing.,Arch issues,2026-06-01,reviewer_en_0089165,en
zh_0357953,product_zh_0393284,beauty,2,淡淡的香味，涂抹也是很细腻的感觉。但是搓泥很严重！,搓泥严重,2026-06-01,reviewer_zh_0904717,zh
es_0732292,product_es_0567739,pc,3,"Lo compré para poder automatizar mediante presencia una tira de led que tengo en el jardín y funciona relativamente bien. El ángulo de detección no es demasiado grande (no llega a 180º ni por casualidad) y la distancia, al máximo, puede llegar como a unos 8 metros. El problema es que el sistema de cierre del aparato no está pensado para una protección IP media y, a la intemperie se le mete lluvia dentro. He tenido que sellarlo con silicona para evitar males mayores, pero aun así, la parte del sensor tiene gotas dentro. Si está muy expuesto a las inclemencias del tiempo no lo recomiendo, sólo si está protegido, en tal caso, si funcionaría bien.","Fuciona bien, aunque no es ""demasiado estanco""",2026-06-01,reviewer_es_0244098,es
es_0559946,product_es_0472268,wireless,3,"El protector parece solido y se acopla prácticamente sin tocarlo y a toda la pantalla, no deja burbujas. Sin embargo, el plastico al que viene pegado es muy tedioso de separar y ademas, al dia de poner uno de ellos ha aparecido lo que en principio creia que era un pelo bajo el protector, y que resulta ser una fractura. Para el precio que tiene esto no deberia pasar.","Abarca toda la pantalla, pero es susceptible a pequeñas fracturas",2026-06-01,reviewer_es_0979383,es
zh_0808477,product_zh_0737365,sports,2,前面有一些买家声称这款保温杯的保温效果还不错。结果买到一试，效果很不理想。充其量能保温5、6个小时，随后就变温水了。,保温效果不佳,2026-06-01,reviewer_zh_0971695,zh
de_0365874,product_de_0066320,apparel,4,Die roten Shorts färben auch nach der ersten Wäsche noch leicht ab.,Super Passform.,2026-06-01,reviewer_de_0216086,de
es_0784135,product_es_0624437,book,3,"Un poco simple, pero está bien explicado.",Adecuado al propósito,2026-06-01,reviewer_es_0644082,es
es_0526568,product_es_0106866,lawn_and_garden,4,Funciona perfecto.se monta fácilmente y es práctico y da la información que necesito. Muy recomendable con un diseño adecuado. A mi me ha ido bien,Termómetro higrometro,2026-06-01,reviewer_es_0643462,es
ja_0054784,product_ja_0318118,wireless,1,先行購入者のレビューを見てから買ったら良かったと後悔するくらいひどい商品です。 指の反応は悪い、すぐはずれる、ズボンのポケットに手を入れてるだけでアップルウォッチから外れて、妻が洗濯機のゴミの中から見つけてくれました。 この商品は買わないほうが無難です。,買って損しました。,2026-06-01,reviewer_ja_0756414,ja
de_0165705,product_de_0562996,furniture,1,"Was soll das sein? Es ist keine Befestigung dabei, das Teil hält nicht im geringsten irgend welche Viecher ab, da es beim kleinsten Windstoß riesige Lücken frei gibt, da passen ganze Vögel durch.... Sorry, aber hier ist jeder Euro zu viel bezahlt!",Absolut nutzlos,2026-06-01,reviewer_de_0951213,de
fr_0206172,product_fr_0134635,other,5,Ma fille de 9 ans le regarde sans soucis elle adore cette version féminine qui je le reconnais est pas mal du tout,Super film,2026-06-01,reviewer_fr_0524886,fr
es_0649569,product_es_0659654,toy,4,"Tiene un poco de lio para montar, pero el precio está muy bien y funciona de lujo, ¡¡¡ al chiquillo le encanta !!!",Buena compra,2026-06-01,reviewer_es_0284728,es
en_0623675,product_en_0333621,furniture,2,"Item arrived damaged. Surprise! The box had a few marks, but intact. The item was poorly packed. As I needed to set up some storage in a home office I opted not to try to repackage and move around a 70+ lb box to return. On a positive note, the cabinet was easy to assemble and the hardware was good quality, and all of the parts, damaged or not were included. The cabinet materials are poor quality. The fiberboard is not that good so care in handling is paramount. The backing board which is integral to the structural integrity is literally thin cardboard. I am not planning on moving this around much. The finish is very thin, and likely not all too durable. Important! This cabinet in not stable when empty. After installing the doors, which seem heavier than the cabinet itself I opened both to add shelves ant the cabinet almost toppled over on me. Be sure to mount to a sturdy wall once in place. I regret not returning now.",Need a sturdy cabinet? Not Here!,2026-06-01,reviewer_en_0681805,en
zh_0819848,product_zh_0726962,home_improvement,5,价格合适 不重 但是很好用 成功率杠杠的，有货我必须再买一个,GOOD,2026-06-01,reviewer_zh_0384905,zh
zh_0481706,product_zh_0713174,baby_product,2,新安怡的奶瓶出奶实在太快了，1号奶嘴都快，宝宝很容易呛奶,出奶快,2026-06-01,reviewer_zh_0294805,zh
fr_0887217,product_fr_0011415,shoes,4,Ces bottines sont très chaudes et confortable. On a cependant le pied avachi dedans.,Chaudes et confortables,2026-06-01,reviewer_fr_0103345,fr
en_0103309,product_en_0115481,automotive,4,I put these on my steel bumper of my Jeep when I tow it. So far no issues with coming undone while towing and the lights work just fine.,work as expected,2026-06-01,reviewer_en_0010612,en
ja_0220343,product_ja_0653431,home,3,ベッドサイドテーブルとして、サイズや材質など丁度良いです。組み立ての際、ネジ受けが一箇所きちんと付いておらず、ネジが締まりませんでした。仕方無くボンドでしのぎましたが。。,ボルトが・・,2026-06-01,reviewer_ja_0724363,ja
zh_0037415,product_zh_0390197,sports,5,穿上很舒服，就是前面鞋底和面连接处容易开胶，穿第一次时，不小心踢到个东西，前面居然开胶了，汗,特价买的,2026-06-01,reviewer_zh_0372376,zh
es_0841931,product_es_0936016,wireless,1,"en la descripcion no te dice que la clavija auxiliar es de 2,5 en vez de 3,5 como es lo normal en estos aparatos , siendo que depende para lo que lo necesites te tienes que comprar un adaptador de 2,5 a 3,5 y encima el mando te viene sin pila , muy descontento estoy",mal detallado el producto,2026-06-01,reviewer_es_0920985,es
ja_0279182,product_ja_0667441,office_product,5,子供の弱い力でも綺麗に消せます。6b鉛筆でも綺麗に消えました。,なかなかよい,2026-06-01,reviewer_ja_0153718,ja
en_0887917,product_en_0331034,drugstore,3,"From day one, the hinges squeaked (I did not get it wet) The velcro from the metal bars ruined my jeans, so I would recommend getting a leg sleeve.",so I would recommend getting a leg sleeve,2026-06-01,reviewer_en_0029060,en
es_0259346,product_es_0520299,automotive,5,Era justo lo k necesitaba lo recomiendo 5 estrellas,Todo perfecto lo recomiendo,2026-06-01,reviewer_es_0107866,es
zh_0793666,product_zh_0358233,luggage,5,胸包还是挺不错的，做工很好，包包里兜可以放些小证件，挺喜欢的,款式不错，大小正好,2026-06-01,reviewer_zh_0910676,zh
es_0999169,product_es_0007445,lawn_and_garden,5,Todo perfecto. Lo usé para reemplazar una tapa rota y encajó a la perfección,Estupendo,2026-06-01,reviewer_es_0943487,es
de_0832228,product_de_0326516,furniture,1,"Sehr schlechte Qualität für den Preis! Der Schrank ist okay, aber man bekommt für den Preis definitiv hochwertigere Möbel. Fürs Badezimmer fast nicht geeignet. Habe nur ein Quitsche Entchen von meinem Sohn ablegt und das Holz ist gleich aufgequollenen.",Schlechtes Preis-Leistungsverhältnis,2026-06-01,reviewer_de_0148651,de
es_0617224,product_es_0121760,home_improvement,3,"Es demasiada endeble, la recibi doblada y no hay forma de enderezarla",Cumpliria su función,2026-06-01,reviewer_es_0481114,es
en_0680922,product_en_0366084,toy,1,"The figure displayed on the product page clearly indicated no peg holes. However, when I received the item there were peg holes on the upper thigh. I would not have purchsed this if I knew they were still selling this product with peg holes. :(",Peg holes in upper thigh,2026-06-01,reviewer_en_0239201,en
de_0852886,product_de_0712056,electronics,5,"Was soll ich viel sagen!? Genau das was ich suchte und brauche! Ich bin voll zufrieden mit dem Teil, alles genauso wie beschrieben! Was will man mehr!?!",Toller Plattenspieler!,2026-06-01,reviewer_de_0988207,de
en_0448588,product_en_0715443,office_product,3,Game came on time but batteries were dead or so I thought. Changed batteries and it still sounds like something is broke inside. Almost like the one I have so would like to return and get a replacement,Love the game but definitely broke inside,2026-06-01,reviewer_en_0755144,en
en_0288854,product_en_0235293,home,2,The elephant is cute but the light never worked on it. Poor product for the money.,Poor Product,2026-06-01,reviewer_en_0021240,en
ja_0237361,product_ja_0099259,toy,5,よく剣がなくなりますが、子供は喜んで遊んでます。,子供はゲッコウガが大好きです。,2026-06-01,reviewer_ja_0509844,ja
en_0340406,product_en_0634742,drugstore,3,I ordered this in a small/medium. The pad would get 5 stars if it fit correctly. I wanted it to wear when barefoot in the house so I would not have to wear shoes with a pad and it slips around and works its way up over my foot after a very short time. It also cramps my foot when sitting so I will just go back to using the corn pads for my metatarsal pain which are cheaper and can be put right where I need it.,Works for a little while,2026-06-01,reviewer_en_0093684,en
en_0932971,product_en_0639100,other,4,I had read reviews about the clips on the sides breaking or bending with the weight of the markers on the straps. My unit did not come with a strap. There was only the top handle. This was fine for me as it was just for storage of the markers and this case will likely be within another larger bag. The case quality was as expected. It also fit my Copic markers. I previously had an Art Bin case with plastic insert for markers. That was far too large and awkward to carry around. This case will work much better and be more portable.,No Strap to Carry,2026-06-01,reviewer_en_0181071,en
fr_0758221,product_fr_0700933,electronics,2,j'ai acheté cet article pour écouter de la musique en faisant des sorties jogging.... je savais que pour ce prix il ne fallait pas attendre des miracles mais là vraiment une autonomie de 40 mns en écoutant de la musique c'est vraiment innaceptable !!!! d'autant plus que rien n'est indiqué sur ce point ...DONC A NE PAS ACHETER,déçu par cet article,2026-06-01,reviewer_fr_0363216,fr
fr_0668743,product_fr_0600077,electronics,2,"3 semaines d'utilisation, aucun soucis, et la elle se déconnecte tout le temps alors que c'est une filaire, les bouton déconne bref, ne commandez pas ça!",Fonctionne 3 semaines,2026-06-01,reviewer_fr_0277226,fr
zh_0632901,product_zh_0909603,book,3,纸质不如第一册，加的讲解内容现在出的三本多少都有，而这本小错误实在有些多，再版之前自学使用的话需要小心，看原版也是一种选择。光盘的读取问题不想多说,还需改进,2026-06-01,reviewer_zh_0252723,zh
zh_0904586,product_zh_0286353,book,3,书印刷质量不错。不过内容只能当作小人书看看吧。不能算作汽修类图书,不怎么地,2026-06-01,reviewer_zh_0347791,zh
ja_0046284,product_ja_0777630,pc,3,到着にかなりかかりました。オーダーしてから、本体を買いに行ったが、届かないからちょっとだけいらいら。他のレビューにもあるように、ビニール感満載なので、高級感が欲しい方には向きません。が、カバーだし、安価なので、雑に扱って気兼ねなく使用してます。機能、耐久性は、問題ありませんよ。,納品には、余裕が必要,2026-06-01,reviewer_ja_0767530,ja
en_0168684,product_en_0629214,shoes,5,Fast shipping and excellent product.,Five Stars,2026-06-01,reviewer_en_0154815,en
en_0738918,product_en_0734679,camera,5,Great camera for the price,Best bang for the buck,2026-06-01,reviewer_en_0232872,en
fr_0535011,product_fr_0165022,baby_product,3,"parfait pour les petites filles qui font de la peinture ... imperméable comme il faut, par contre les élastiques aux poignets serrent vraiment beaucoup!",pratique mais sert les poignets,2026-06-01,reviewer_fr_0778172,fr
es_0773588,product_es_0057817,baby_product,5,"Viene con dos organizadores para colocarlos en ambos asientos. Es bastante practico para familia con niños para cuando vayáis en un viaje largo, pueda colocar varias cosas en el organizador para que los críos se entretengan un poco durante el viaje.",hace su trabajo,2026-06-01,reviewer_es_0024277,es
fr_0132099,product_fr_0317307,drugstore,2,"J'avais un tour de cou acheté dans un magasin spécialisé,la différence est flagrante avec celle que j'ai acheté sur amazon les coutures ce sont décousu au bout d'une semaine et maintenant les graines de lin se promène dans toute la longueur elle ne sont plus compartimenté se qui très gênant quand on veut de la chaleur a un endroit précis",Je suis déçu,2026-06-01,reviewer_fr_0289372,fr
es_0994779,product_es_0957318,home,5,"Muy buena calidad, bien protegido y enviado",El original y gran calidad,2026-06-01,reviewer_es_0796843,es
ja_0808843,product_ja_0309024,sports,3,同封された取り付け方法のとおり10mmの穴を開けて設置してみましたが 自転車乗せててみた所落下してきました。 膨張ボルトを差し込む穴は10mmだと大きすぎるので 7.5mm位で穴を開けて設置するのが適切かと思います,穴は10mmだと大きすぎる,2026-06-01,reviewer_ja_0223032,ja
zh_0949327,product_zh_0083457,book,1,差的没法说！刚到手的书封皮就散架了，而且全是折皱和阴湿痕迹！要不是着急学习，必须退掉！以后不会到他家买书了！！！,极差！,2026-06-01,reviewer_zh_0427011,zh
de_0564312,product_de_0176100,wireless,1,Die erste Folie ging am zweiten Tag ab. Die zweite hielt gar nicht. Rausgeschmissenes Geld.,Hat bei mir nicht funktioniert.,2026-06-01,reviewer_de_0747109,de
es_0586522,product_es_0180732,wireless,2,Hemos puesto muchas veces el reloj en hora y siempre vuelve a las 12:00. Por más que miremos las intrusiones no hay manera.,Siempre las 12:00,2026-06-01,reviewer_es_0256695,es
es_0837067,product_es_0484452,automotive,1,"Debería haber recibido el pedido el 9 de marzo, como peor fecha estimada por el proveedor. El pedido no ha llegado y sin noticias.",Incumplimiento en la entrega,2026-06-01,reviewer_es_0595913,es
fr_0247485,product_fr_0589231,electronics,1,"Utiliser pour mon Huawei mate 20 pro, met du temps avant de capter l'adaptateur. Cher par rapport au prix des magasin et autre site, le câble de l'adaptateur est moche et l'adaptateur aisin que le câble sont beaucoup trop gros par rapport au autre proposer, donc pas trop flexible. Dommage de nous vendre du rêve pour de la me***",Nul,2026-06-01,reviewer_fr_0377474,fr
es_0621541,product_es_0448004,wireless,1,El protector está bien y se instala fácilmente pero no sirve para nada ya que no funciona bien la huella en pantalla de este movil,Que no sirve para huella en pantalla,2026-06-01,reviewer_es_0892702,es
zh_0363034,product_zh_0410343,apparel,2,以为丝巾上的红色是枣红色的呢，结果是砖红，不喜欢这个颜色,颜色不理想,2026-06-01,reviewer_zh_0415894,zh
en_0521674,product_en_0107166,book,4,Given as a gift. Well received.,Iconic receipes and newer ones as well.,2026-06-01,reviewer_en_0709212,en
zh_0392532,product_zh_0978870,book,2,有些太“浅”了，不专业的感觉。其实高中也学了很多语法，可是这本书里面的语法，我感觉是给人死记硬背的。有点基础的就不适合的。,不专业,2026-06-01,reviewer_zh_0485825,zh
es_0204145,product_es_0655768,sports,5,Bebidas calientes y frías,Comodidad,2026-06-01,reviewer_es_0921773,es
en_0173259,product_en_0396436,kitchen,5,Its a little to small,Its a little to small,2026-06-01,reviewer_en_0756193,en
fr_0901148,product_fr_0225692,personal_care_appliances,5,"J'ai acheté cette tondeuse notamment pour couper les poils au niveau des oreilles et du nez. J'ai utilisé l'accessoire rond qui est adapté sur la tondeuse (voir la photo) pour le nez ou les oreilles. La tondeuse ne fait pas beaucoup de bruit, coupe les poils sans arrachement donc sans douleur. C'est très efficace pour couper les poils dans le nez ou les oreilles. Les autres accessoires fonctionnent très bien également pour tailler la barbe et les sourcils. Les accessoires se changent très facilement en les tournant de 30 degrés. Le nettoyage des accessoires se fait à l'eau. Le chargement de la batterie se fait avec un chargeur de téléphone non livré avec la tondeuse. La tondeuse est très robuste. Je suis entièrement satisfait de mon achat de cette tondeuse 4 en 1 .",Excellent rapport qualité prix,2026-06-01,reviewer_fr_0769532,fr
es_0516075,product_es_0542514,home_improvement,2,"Muy malo, tiene bastante holgura","Malo, no comprar",2026-06-01,reviewer_es_0597756,es
zh_0656547,product_zh_0744575,pc,5,用了挺久了，没任何问题，很可靠，也很省电。,不错,2026-06-01,reviewer_zh_0057184,zh
es_0170373,product_es_0653681,pet_products,2,"He recibido el paquete bien embalado pero el saco estaba abierto, no lo puedo devolver por que lo necesito.",Recibo saco abierto,2026-06-01,reviewer_es_0352897,es
ja_0623772,product_ja_0036028,automotive,4,このサイズは いいですね！かなりの明るさです 変えて良かったって気がします,お徳感あります！,2026-06-01,reviewer_ja_0294966,ja
fr_0569760,product_fr_0759258,wireless,1,"Bloc qui double une prise USB, ce qui éventuellement peut être inutile si on a une autre prise à côté qui serait obstruée par ce gros bloc ! Si on rajoute le fait que ça ne marche absolument pas et qu'en plus ça met un mois à venir de Chine, la blague est énorme ! A éviter à tout prix !!!",A éviter !!!,2026-06-01,reviewer_fr_0874126,fr
fr_0322200,product_fr_0985555,wireless,5,Superbe produit ! Se fixe très facilement et rapidement. Le portable tiens très bien dessus. Excellent rapport qualité/prix !,Super produit,2026-06-01,reviewer_fr_0309939,fr
de_0980704,product_de_0608122,home,3,"- das ganze Gewicht konzentriert sich in der Mitte; die innere Decke ist nicht dicht genug fixiert am Rand; deswegen ist es schwer, die Decke gleichmässig aufzulegen/zusammenzulegen. Wenn aufgelegt, ist der Effekt aber ok. Entspannt und schneller eingeschlafen.",ungleichmässig,2026-06-01,reviewer_de_0727043,de
es_0640623,product_es_0427862,wireless,5,La mejor funda que he comprado.,Funda perfecta!,2026-06-01,reviewer_es_0347212,es
ja_0494861,product_ja_0740658,toy,3,良くも悪くも大味。これに尽きるかと思います。素立ちで飾っておくならまぁカッコいいですし、ロボ好き男子なら合体ってロマンを感じますよね。ここまでは良い。 ただやっぱり合体後のロディマスプライムになると肩の動きが気持ち悪いです。 少なくとも自分は受け付けない。 シールもチープです。 最近ムービーTFしか買ってないからかもしれませんけど、パーツの精密感も感じられないんですよね。 あとは変形合体に関して。 少ないパーツでシンプルに、かつダイナミック。 ここ好みが多少分かれる部分かと思います。 お子さんが楽しむなら壊れにくい良いものです。 自分はなんか子供っぽすぎると思いました。 まぁ子供のおもちゃなんで当たり前っちゃ当たり前ですけどw コレクターなら買い、変形難易度や良可動を望むのならスルーをオススメします。,悪くは無い！！！が...。,2026-06-01,reviewer_ja_0020710,ja
zh_0426328,product_zh_0110982,sports,2,送货不包括安装，自已安装很费劲！没使用几次脉搏跳动计数就显示不出来了！座椅很硬，不舒服！只能将就着用了。,比较失望,2026-06-01,reviewer_zh_0748800,zh
es_0088798,product_es_0553098,home_improvement,4,Es una buena tenaza. Es grande y pesa bastante. X mi mujer le cuesta manejarla.El primer dia estaba muy dura peto luego se aflojo,Buena y pesada-,2026-06-01,reviewer_es_0605975,es
de_0105402,product_de_0688115,home,1,Nach anfänglicher Begeisterung war es nach ca. 5 maligen Gebrauch funktionsunfähig. Schade ist ansonsten ein handliches Gerät mit wenig Gasverbrauch,Leider schnell kaputt,2026-06-01,reviewer_de_0068614,de
en_0705280,product_en_0704374,wireless,5,"My kids and me loved it. Light and sounds is good. Experience is so much fun to the sound, light and turn prop. My c-kids. The ages of my children, 3 and 7. both of my kids were interested. Thanks.",we loved,2026-06-01,reviewer_en_0935664,en
en_0069185,product_en_0629646,toy,3,"My 8 year old loves it. I wouldn't buy it for a kid younger than 5. It's not that soft and cuddly, and it's not a high-quality construction plush. Older kids that aren't hard on their toys will get a lot of use out of it. Younger kids will rip it to shreds! :)",Cute pillow pet. Not very well made. Only recommended for older kids,2026-06-01,reviewer_en_0077320,en
zh_0297934,product_zh_0239761,book,4,书很棒 买回来配着鲁迅的小说集和杂文集一起看 我一直觉得国人对鲁迅的定位有些偏颇 先生是被意识形态绑架了的一个时代的符号 如果没有阅读并背诵全文 没有国家层面的一再拔高 他会得到更多的喜爱 来说亚马逊的配送 坐标三线城市 28号下单 2号发货 六天的时间也就不说什么了 3号就收到了 本来特别开心 结果已经开始勾画了 发现书脊和背面折的和黄土高原似的 还有很奇怪的一点 这次买的两本书都没有塑封,四星是给亚马逊的,2026-06-01,reviewer_zh_0603639,zh
de_0140760,product_de_0343802,personal_care_appliances,4,"Schnelle Lieferung Super Qualität Etwas laut, aber sonst macht es das was es machen soll 👍🏻",Super Gerät,2026-06-01,reviewer_de_0644129,de
fr_0133472,product_fr_0862793,wireless,4,Bien faire attention au modèle de la tablette. Étui niquel et assez résistant. Je recommande vivement cette étui et ce vendeur,Tres bon achat,2026-06-01,reviewer_fr_0440425,fr
zh_0051829,product_zh_0933273,book,5,读起来真是让人很舒畅，不仅重新认识了wireshark这款工具，同时学到了一些处理问题的思路和方法，不过最关键还是要靠自己对技术专研沉淀，这也是作者能这么牛的原因，大赞。,非常令人舒畅的技术书籍。,2026-06-01,reviewer_zh_0535755,zh
zh_0090566,product_zh_0770419,baby_product,4,质量不错，小孩也喜欢，第二次帮朋友也买了一套,推荐,2026-06-01,reviewer_zh_0416277,zh
fr_0896040,product_fr_0441790,wireless,2,"Le produit n’est pas bon, il se casse rapidement",Le produit se casse rapidement,2026-06-01,reviewer_fr_0183091,fr
es_0152448,product_es_0964642,home_improvement,4,Se conecta muy bien y muy fácil de instalar. ............ ......... .... ... .... ... .... .... ...... ............. ...,Muy bien,2026-06-01,reviewer_es_0186346,es
en_0607610,product_en_0163743,wireless,2,Doesnt fit as a wallet,Two Stars,2026-06-01,reviewer_en_0127748,en
de_0469642,product_de_0512927,lawn_and_garden,2,Köder wird von Mäusen nicht angenommen,Köder wird von Mäusen nicht angenommen,2026-06-01,reviewer_de_0981988,de
es_0641271,product_es_0341954,pc,2,"En tres meses ya se salen los imanes... por lo que aunque es bonita y cubre bien, no protege porque no cierra la tapa.",Bonita pero con materiales de poca calidad,2026-06-01,reviewer_es_0055257,es
de_0440445,product_de_0499877,kitchen,3,"Zu kurze Stiel, passt nicht unter viele Möbel",Spielzeug,2026-06-01,reviewer_de_0391587,de
fr_0015912,product_fr_0939580,electronics,1,"-Coque supérieure/du dessus/de la face trop large donc difficultés pour écrire, - pointillés trop visibles, donc visibilité diminuée, - impossible de mettre le jack pour la sortie audio car orifice de la coque pas assez grand","Déçue, je ne l'utilise plus",2026-06-01,reviewer_fr_0001033,fr
fr_0674598,product_fr_0839244,other,5,Parfait rien à dire ! Le coffret est bien conforme à la photo. Vous trouverez également des bonus. Je le conseille à tous les fans de Breaking bad.,Parfait,2026-06-01,reviewer_fr_0988454,fr
ja_0755805,product_ja_0939679,book,3,待ってましたー!!!!白虎!!!!待ちに待って開けたらオビが破けてる。テンション下がりました。気をつけてもらいたいです。,オビが……,2026-06-01,reviewer_ja_0621090,ja
zh_0293784,product_zh_0537260,baby_product,2,完全吸不了，一点也不好用，已经扔了，浪费我的钱,不好用！,2026-06-01,reviewer_zh_0484436,zh
ja_0902468,product_ja_0453422,sports,2,空気を入れるのに力がすごく必要なのにバルブを外す時に空気が抜ける。,使えない！,2026-06-01,reviewer_ja_0788148,ja
de_0225047,product_de_0761851,home,2,"Geringe Glasqualität. Insgesamt 3 Liefertermine. Gesamteindruck des Pakets, gammelig. Kein weiterer Order. Paket kann nach 3 Wochen nicht mehr fotografiert werden.",unbefriedigend,2026-06-01,reviewer_de_0986160,de
de_0980949,product_de_0001620,apparel,5,"Ich hab extra meine Oberschenkel gemessen und mich für eine Größe entschieden, die meine Angabe mit drin hatte. Da immer ein von bis angegeben ist pro Größe hatte ich eher Angst, dass sie zu stramm sitzen. Allerdings ist dies nicht der Fall. Wenn man am Rand einer Größe ist würde ich die kleinere empfehlen. Sie rutschen zwar nicht richtig runter, aber sind mir persönlich nicht stramm genug wodurch ich das Gefühl habe, dass sie rutschen. Kann sie aber super empfehlen. Die Reibung wird dadurch super unterbunden.","Tolle Teile, würde das nächste mal aber ne Nummer kleiner nehmen",2026-06-01,reviewer_de_0059672,de
ja_0560890,product_ja_0848623,home,4,中身を入れても思ったほど重く感じられず。重宝してます。 ティーバッグのお茶を入れて使ってます。もう少し大きいタイプも買おうかと検討中です❗,使い勝手良し,2026-06-01,reviewer_ja_0000637,ja
de_0435479,product_de_0755230,home_improvement,3,Schnelle Lieferung. Leider nicht backofengeeignet.,Okay,2026-06-01,reviewer_de_0929854,de
fr_0795180,product_fr_0298352,book,4,"La plus part des recettes m'ont l'air bien appétissante, le livre est bien fait",De bonnes recettes,2026-06-01,reviewer_fr_0088711,fr
en_0572324,product_en_0538055,home,2,It is pretty. It would also be extremely hard to use due to the VERY shallow dish on top.,Not a reasonable design,2026-06-01,reviewer_en_0735825,en
fr_0105342,product_fr_0183822,lawn_and_garden,3,"La housse semble bien, mais elle est trop petite pour moi. Si comme moi la poignée est perpendiculaire au robinet, il faut une house sensiblement plus grande",trop petit pour moi,2026-06-01,reviewer_fr_0097162,fr
de_0602287,product_de_0003743,shoes,5,"Super schöne Tasche !!!! Habe die große in grau genommen. War erst skeptisch,da ich die Angst hätte das Material wäre nicht stabil genug ist jedoch echt super verarbeitet und fühlt sich auch nicht billig an.! Ich hab mich wirklich verliebt,werde sie mir denke ich sogar noch in einer anderen Farbe holen.",Super schön!!,2026-06-01,reviewer_de_0242425,de
zh_0024544,product_zh_0335950,office_product,1,为什么屏幕没有保护膜，而且新品不应该电量都是满的吗，所以怀疑是二手货啊,二手货吗？,2026-06-01,reviewer_zh_0140701,zh
ja_0666170,product_ja_0854473,home,2,温度計としては問題なく使えたものの、冷蔵庫の側面に貼り付けておいたところ他の購入者からも指摘されているように粘着テープでとめられているマグネットが剥がれ本体が落ちてしまいました。,買ったその日にマグネット脱落,2026-06-01,reviewer_ja_0606076,ja
fr_0297696,product_fr_0742124,other,2,"l'image est belle mais un ronronnement sur l'épisode deux , gache le son, en plus le son est pas très fort",son mauvais,2026-06-01,reviewer_fr_0223353,fr
fr_0897647,product_fr_0623367,furniture,5,L'objet reçu est conforme à l'article acheté. Je m'en suis servi et je n'ai eu aucun problème avec. C'est l'idéal pour réaliser des œuvre d'art original.,Cool,2026-06-01,reviewer_fr_0106085,fr
en_0052513,product_en_0186478,beauty,4,NO COMMENT.... PRODUCT SERVE AS PURPOSE.....,Four Stars,2026-06-01,reviewer_en_0088200,en
en_0343480,product_en_0764034,watch,5,"This was a Christmas gift for my granddaughter who is working on a Doctorate in Physical Therapy. The watch face is big and super easy to read plus it comes in regular and military time. She loves it, easy to read, time activity or pulse. Great watch.",Great for Any Medical Professional,2026-06-01,reviewer_en_0080649,en
fr_0901971,product_fr_0065610,home,5,De jolis mugs que je compte offrir à Noël mais je les aurai bien gardés pour moi. Très bon achat,Superbes,2026-06-01,reviewer_fr_0190964,fr
en_0385710,product_en_0355511,automotive,4,"Exactly what I needed, Priced was good, arrived on time, well built, will buy again if more are needed.","Priced was good, arrived on time",2026-06-01,reviewer_en_0677490,en
es_0181575,product_es_0726853,wireless,1,"Al recibirlo a una de las 3 unidades no le funcionaba la conexión para Apple, pasados unos días de uso otra, que al principio funcionaba, dejó de hacerlo y aún no he dado uso a la tercera. No recomiendo la compra del artículo.",No funciona el cabezal para Apple,2026-06-01,reviewer_es_0740746,es
en_0853222,product_en_0311516,lawn_and_garden,2,"I love the concept of this hose. I like it's compact/light storage size. I like the shut-off at nozzle end. I have another brand and the outer covering frays easily. This one seems a bit more hardy, so we'll see how long it holds up. But there is one fatal flaw. Unless you're using the hose on very short runs, well below its expanded size, once expanded at full length, when you turn the hose on it is not able to maintain it's length and starts to shrink again, pulling/retracting the nozzle out of your hand or sprinkler out of place. This significantly limits reach and is annoying when wanting to use the full length. And I have high water pressure. It just doesn't work.",Neat idea with one fatal flaw,2026-06-01,reviewer_en_0233299,en
es_0214739,product_es_0065164,wireless,3,Las correas como tal estan bien y muy similares a las originales. Me he encontrado que he tenido que reemplazar el pin de sujeción por el de la correa original para que con un minimo toque no haga saltar el enganche de la correa.,Sujeción justa,2026-06-01,reviewer_es_0855484,es
es_0142583,product_es_0656454,pet_products,2,"Además de llegar abollado por todas partes he tenido que ir a recogerlo porque no me lo traian a mi direccion. Por otro lado cumple su funcion, una pena que haya llegado en estas condiciones",Abollado,2026-06-01,reviewer_es_0763309,es
ja_0573750,product_ja_0040262,industrial_supplies,2,積層割れ、反りやすいです。ベッド温度最高110度、ノズル温度250、保温シートで覆って試しましたが高さ5cm以上のものはほとんど積層割れします。また糸引きが多く造形物が汚れやすいです。 強度はかなりあると思います。,収縮率が高い,2026-06-01,reviewer_ja_0908842,ja
es_0624853,product_es_0740340,pc,4,era lo que necesitava,para mi pc buenas,2026-06-01,reviewer_es_0784475,es
ja_0858740,product_ja_0587353,wireless,1,私の場合は全く役に立たなかった。 そもそも持っている機能が短いtext形式が読めるだけ。PDFもキンドルも何も読めない。以上終わり。,使えない,2026-06-01,reviewer_ja_0440890,ja
ja_0003645,product_ja_0711453,electronics,1,バンパー型と思って買ったらバンパーの前面に薄いぺらぺらのフィルムが張ってある 埃が入らないようにするのも大変だし何よりタップするたびに薄いフィルムを押す音がパチパチ鳴って静かな環境だと気になってストレス 保護フィルムのようにぴったりくっついているわけでもないのでフィルム押してるなって感じの操作感 充電器を差し込む所も保護されているのはいいけど開けるのに固くて片手でこじ開けながらもう片手でジャックをねじ込まなければいけないのもイライラする 良いのはデザインだけ 買わなければ良かった 他のケースを買い直すのを検討します,ストレスしかない,2026-06-01,reviewer_ja_0966245,ja
de_0954002,product_de_0023934,apparel,3,"In meiner Jugend war Fruit of the loom eigentlich eine gute Marke. Leider ist diese Marke zu einem billig Produkt verkommen. Schlechte Verarbeitung, Nähte lösen sich auf. Ist halt billig. Hab den Short für den Urlaub gekauft um mal schnell am Strand oder Pool eine Hose überzuziehen. Reicht für eine Saison. Wer mehr verlangt muß auch mehr bezahlen.",Leider immer schlechtere Verarbeitung,2026-06-01,reviewer_de_0289763,de
en_0498010,product_en_0892776,toy,4,"Works as expected, but breaks easily. I had to replace mine because I only drop it once and stop working","Good, but fragile",2026-06-01,reviewer_en_0021379,en
ja_0605131,product_ja_0463151,pc,3,7588と思ったのに、7586だっだ 騙された感じ,タイプ,2026-06-01,reviewer_ja_0505855,ja
en_0877497,product_en_0264538,shoes,5,I’ve been dancing in them for 2 hours without any feet discomfort! Love it!,Satisfied,2026-06-01,reviewer_en_0464804,en
fr_0254344,product_fr_0627088,baby_product,3,"Bien, l’article est conforme à la description. Mais ça reste cher pour ce que c’est. Je l’utilise surtout pour accrocher les peluches et jouer en voiture, car on fait souvent de la route; cela m’évite de ramasser les jouets par terre toutes les 2minutes.",Bien mais cher,2026-06-01,reviewer_fr_0969646,fr
ja_0140494,product_ja_0701530,sports,1,カチャカチャなるのは折り畳み式で長さ調節出来る使用のため仕方ないとして、質感が安くさ過ぎです。グリップもオモチャのスベスベしたプラスチックでサイズが小さい、塗膜は薄くすぐ剥がれそうです。ゴムもビニールが混じってるようなスベスベした物で雨の日の買い物などには使えそうにありません,残念な商品,2026-06-01,reviewer_ja_0381157,ja
es_0486380,product_es_0848997,home_improvement,5,Muy práctico y eficaz,Me gusta,2026-06-01,reviewer_es_0223086,es
ja_0675000,product_ja_0644521,wireless,3,純正と比較して柔らかい。恐らく純正より厚みが薄いためではないか。着け安さはこちらの方が着けやすい。バンドの長さも長い。シリコン製と迷ったが、柔らかすぎる感じがしてＴＰＵ素材にした。パッと身は変わらないが、バンド穴が多く、裏側の見た目は純正には負ける。ただ、値段を考えると納得できる。,交換部品としたら、安くて良いかも,2026-06-01,reviewer_ja_0532920,ja
zh_0247233,product_zh_0807023,digital_ebook_purchase,5,很好看！内容情节很精彩，我儿子都喜欢看原著改编成的动漫。,好看！,2026-06-01,reviewer_zh_0896212,zh
zh_0688585,product_zh_0425377,book,1,没有附件，联系客服，给换货了，但是还是没有附件，第一本书的四角有磕损，第二本还好，说是24小时内有客服联系我，这周一到周四了，还没联系我解决问题，说是没有附件，但是你卖的产品为什么写，到现在也没改，我晚上下单买的差不多26块钱，买完第二天早上就变成19块钱了，我就呵呵了。不差这几款钱，但是该给的货，得给全了吧？,配件不全，客服不联系，服务不好,2026-06-01,reviewer_zh_0163181,zh
en_0154673,product_en_0814179,grocery,1,I ordered 2 packages excited to try all these jam assortments. Both packages are blueberry....i have 30 jars of blueberry and lots of disappointment considering the product listing is for an assortment of jams!,2 packages All the same,2026-06-01,reviewer_en_0423484,en
ja_0230418,product_ja_0949006,toy,5,初めての電動トーマスとして購入しました。 木製のレールの上をとてもゆっくり走るので癒されます。小さなお子さんは捕まえ安くスイッチも押しやすいみたいなのでおすすめです。 うちでは1歳半から上手に使えています。 逆に早いものだと扱えず泣いていました。 欠点は重いことと脱線しやすいことですが満足しています。,初めての電動列車におすすめ,2026-06-01,reviewer_ja_0895520,ja
en_0594765,product_en_0460326,baby_product,5,These are much nicer than regular bibs. Look better with my baby’s cute outfits. Plus they are great quality and keep baby dry.,Great quality and lovey,2026-06-01,reviewer_en_0286615,en
fr_0544161,product_fr_0717275,home_improvement,4,Local adoucisseur d'eau 10 m2,Efficace et assez silencieux,2026-06-01,reviewer_fr_0206298,fr
es_0213660,product_es_0341566,baby_product,2,Para mi se desmontan las piezas con facilidad y cuando bañas al niño es un poco complicado,Normal,2026-06-01,reviewer_es_0532192,es
ja_0547054,product_ja_0843095,pc,4,時々反応しないことがありましたが、Windows10のロック画面がしっかり立ち上がってからセンサーに触れると解除に成功することがわかりました。スリープから復帰している途中でセンサーに触ると認識に失敗することが多いようです。,まあまあ良いです。,2026-06-01,reviewer_ja_0423194,ja
es_0786575,product_es_0309155,pc,2,Compre esta tablet hace un año aproximadamente y hace una semana ha dejado de funcionar mi pregunta es que si tiene garantia o tengo que tirarla la tablet la dragon touch x10,Jose fuentes,2026-06-01,reviewer_es_0127796,es
es_0103421,product_es_0238023,drugstore,5,"La verdad es que era un poco reacio, pero la verdad es que me noto que recupero mas rápido, así que bien.",Genial.,2026-06-01,reviewer_es_0983754,es
zh_0306267,product_zh_0649253,pc,4,用到了17年6月份，之后就右键莫名双击，应该是电路板的问题。15年买的，算是两年了吧，不错了,不错了,2026-06-01,reviewer_zh_0577869,zh
zh_0584578,product_zh_0842264,digital_ebook_purchase,2,适合搞理科数学物理之类的人看，普通人看起来比较累,适合搞理科数学物理之类的人看，普通人看起来比较累,2026-06-01,reviewer_zh_0093706,zh
fr_0591048,product_fr_0249476,pc,4,"La tablette est à priori de bonne qualité et réactive. La config est un bon rapport qualité prix. La version de Windows est incomplète (Defender partiellement installé), en version S qui ne permet pas l'installation de logiciel hors store, ceci mériterait d'être corrigé pour éviter une réinstallation.","Produit conforme à sa description, à confirmer à l'usage",2026-06-01,reviewer_fr_0459510,fr
es_0018765,product_es_0316429,electronics,5,Buena relación calidad-precio. Lo he usado durante un mes y perfecto.,Buena relación calidad-precio,2026-06-01,reviewer_es_0911845,es
ja_0313917,product_ja_0548155,electronics,1,家族のiPhone7用に、2箱買いました。計4枚中3枚が四隅浮きました。1枚だけ、四隅浮かずに貼れました。iPhoneの個体さなのか、ガラスフィルムの個体さなのか、分かりませんがアンカー製品愛用していたのでとても残念です。,四隅浮きます,2026-06-01,reviewer_ja_0536912,ja
en_0401786,product_en_0944122,digital_ebook_purchase,5,I am enjoying the series so much.,Wow,2026-06-01,reviewer_en_0759371,en
es_0916435,product_es_0547460,toy,1,"Este artículo no ha sido entregado aún , pedido hace más de un mes",Retraso,2026-06-01,reviewer_es_0860129,es
en_0608436,product_en_0252240,drugstore,3,Smaller size was better.,Haven't used,2026-06-01,reviewer_en_0440420,en
en_0241512,product_en_0214277,wireless,2,"The charge the phone but it takes for ever to charge! I did a test with an Iphone original and this one and this plug takes much, much longer to charge. No good quality!",Slow charging ad can be,2026-06-01,reviewer_en_0621298,en
zh_0583314,product_zh_0775382,digital_ebook_purchase,5,我一直相信好的书是可以直接改变一个人的行为，思想，价值观。在我看来这本书做到了。,只能说现在的状况遇到这本书很及时，如果没有这本书应该会很麻烦吧。,2026-06-01,reviewer_zh_0319467,zh
zh_0539900,product_zh_0921651,book,3,给单位有出国工作需要的学员授课用，学生反应还不错,授课用,2026-06-01,reviewer_zh_0168276,zh
ja_0652908,product_ja_0124484,automotive,2,本当に 効いているのか、判らない。 あんな 小さい物で、効果あるのか❔ ランプだけ ついている かも。,実感出来ない。,2026-06-01,reviewer_ja_0366865,ja
ja_0778486,product_ja_0906717,drugstore,5,1人目を産んだ時に産院で頂いたことがあり、2人目妊娠中なので予備に購入しました。 水だけなので、デリケートな部分や目元口元にも安心して使えるのが良いです。 ウォシュレットが無い時のおしりふきとしても使えるので、カバンに数枚入れています。,産後の悪露に。,2026-06-01,reviewer_ja_0428315,ja
zh_0563103,product_zh_0562240,drugstore,3,未电话联系买家，擅自将奶粉放在门卫处。要不是我关注了订单进展，我都不知道奶粉已经到了。,快递服务缺陷,2026-06-01,reviewer_zh_0005609,zh
fr_0174697,product_fr_0636720,book,3,"Un bon livre ""solo"" de l'auteur. Ça change des séries de livres habituels avec minimum deux tomes. Mais la fin un peu vite expédiée dommage l'idée de l'histoire générale est bonne.",Bon livre solo mais...,2026-06-01,reviewer_fr_0142197,fr
de_0942181,product_de_0743129,wireless,1,"Akku hält kaum länger als der alte, kommt nur in einer Folie verpackt womit es wohl eine Fälschung sein dürfte! Traurig das sowas hier immer noch verkauft werden darf",Traurig das sowas verkauft werden darf!,2026-06-01,reviewer_de_0252440,de
de_0707247,product_de_0489188,wireless,1,"Leider stimmen die Produktbeschreibungen der Hülle überhaupt nicht mit dem wirklichen Produkt überein. Dazu einige relevante Punkte: - die Verarbeitung ist derart schlecht, das man deutliche Produktionsspuren sieht, außerdem fasst sie sie haptisch sehr minderwertig an - die Hülle passt sehr schlecht um das Smartphone, nur mit Druck bekommt man sie herein und dann umschließt die Hülle nicht das Handy nicht komplett, sodass der Schutz der Hülle nicht gegeben ist - die Farbe auf den Produktbildern ist leider viel dunkler als in Wirklichkeit, das reale Produkt sieht dadurch viel pinker aus als die Bilder zeigen - nach dem Auspacken und Ausprobieren der Hülle sind gleich schon einige Steine abgefallen Alles im allen kann ich die Hülle damit überhaupt nicht empfehlen.",Produktbeschreibung und Produkt stimmen nicht überein,2026-06-01,reviewer_de_0256747,de
ja_0082695,product_ja_0244812,electronics,2,iTunesでCDを取り込んだ拡張子m4aの曲をBluetoothスピーカーに飛ばして聞こうとしたところ「再生できない形式です」のようなメッセージが表示されて再生できません。 プレーヤーと有線イヤホンでは再生できるのですが。 今後改善されるのを望みます。,Bluetoothでm4aの曲が飛ばせません,2026-06-01,reviewer_ja_0667980,ja
zh_0226014,product_zh_0195056,home,5,挺不错的，出门带着很好，大小合适，没有味道，收到后把外套洗洗。,没味道,2026-06-01,reviewer_zh_0310136,zh
ja_0153557,product_ja_0453303,shoes,1,皮革が白くカビたようなやつが届き、返品しました。確認しないのかと、怒ってます。,皮革が真っ黒なはずが・・・,2026-06-01,reviewer_ja_0527640,ja
de_0266600,product_de_0376353,other,2,"Brauche es nur, um unterwegs Hemden zu waschen. Obwohl ich nur 2 mal 2 Minuten trocknen eingestellt habe, wurden die Hemden beschädigt. Die Bedienungsanleitung ist darüber hinaus unbrauchbar. Am besten ihr schaut euch ein YouTube Tutorial an... falls ihr das Teil überhaupt kaufen wollt :(",Nicht für Hemden geeignet,2026-06-01,reviewer_de_0876054,de
fr_0064733,product_fr_0242799,pc,1,très mauvais produit - n'a jamais fonctionné sur la tv ni avec iphone et nous sommes plusieurs apparemment dans ce cas là.... J'ai retourné le produit,dongle imitation google chromecast,2026-06-01,reviewer_fr_0213744,fr
en_0464357,product_en_0940709,electronics,2,Brush bristles kept falling off,Two Stars,2026-06-01,reviewer_en_0571593,en
de_0246985,product_de_0618648,toy,3,"Sehr schöne Tüten. Leider waren in der Verpackung nur 9 statt 10 drin. Das hat für viele Tränen bei meiner Tochter gesorgt, da sie deswegen keine bekommen hat.",Schöne Tüten,2026-06-01,reviewer_de_0721676,de
es_0396443,product_es_0627688,sports,4,"Es perfecta para el rotuliano, hace que descanse la rodilla y se ajusta perfectamente",Perfecta,2026-06-01,reviewer_es_0316068,es
fr_0772235,product_fr_0455184,book,2,"je n'ai pas aimé du tout, trop compliqué à lire, cet auteur a des réflexions très bizarres, déroutantes....",rien,2026-06-01,reviewer_fr_0930186,fr
zh_0611818,product_zh_0562063,wireless,1,第一次送过来卡槽打不开，然后打客服电话客服很温柔也很快解决问题又送一次，第二次送过来离激活还差一步的时候关机了，然后再开机用了半个小时中间机子异常热，又打客服电话，也解决了同意换货，但是真把我吓得半死，要是激活了我就完蛋了，他们都不知道我打他们电话要借手机，有多麻烦，等手机预留的不是我的号码每次我都要跟着他才能拿到货，周日浪费了我一天的时间。 第三次送过来，手机还算可以就是静音键这里有一块瑕疵，已经无力再换，只能迁就了用了。只是他们浪费的我的时间我非常难受。足足三天,不要贪图便宜,2026-06-01,reviewer_zh_0602987,zh
es_0183033,product_es_0387985,drugstore,3,"No estan mal, pero yo no he notado mejora en cuanto a la fascitis plantar",Un calcetin más,2026-06-01,reviewer_es_0856653,es
es_0742959,product_es_0928627,office_product,1,"Tinta de mala calidad (colores muy tenues) y el magenta, no imprime. Como siempre, lo barato sale caro. No recomiendo su compra.",Dinero perdido.,2026-06-01,reviewer_es_0443659,es
ja_0963049,product_ja_0273719,office_product,1,安価で枚数が多いと思い購入しましたが、紙質が薄いためすぐ破けてしまいます。,紙が薄すぎて使いにくい。,2026-06-01,reviewer_ja_0034826,ja
de_0659501,product_de_0247286,pc,2,- Tastatur hat keine Hintergrundbeleuchtung - kein Lithium-Ionen-Akku - kein USB-Kabel + funktioniert sonst überraschend gut für den Preis,Stimmt nicht mit Beschreibung überein,2026-06-01,reviewer_de_0798878,de
en_0866109,product_en_0260546,automotive,1,I could not get this to fit on #2 actuator (see listing photo) on my 2012 Chevy Traverse. It seems the metal part is a tad bit to small to fit the actuator located right behind the AC controls. I needed part ending in 141,Doesn't Fit 2012 Chevy Traverse,2026-06-01,reviewer_en_0537018,en
en_0775931,product_en_0152748,pc,5,"Charger itself was new and was sold for a good price. Worth the buy. I was skeptical at first, but after a month with the product, I honestly have no complaints on it. Furthermore, the price was right.Just like the one in the apple store. I will do business with you again.Yes! this seems to be genuine great charger. Exactly as advertised.Very happy with charger!",Worth the buy,2026-06-01,reviewer_en_0577879,en
en_0509493,product_en_0931116,beauty,4,"Good price, works good, Nice",Nice!,2026-06-01,reviewer_en_0631717,en
zh_0072939,product_zh_0178960,book,5,好的不仅仅是书，而是作者系列的博客和提供的demo,好书推荐,2026-06-01,reviewer_zh_0431386,zh
en_0059319,product_en_0117126,electronics,2,"I’ve had this for just over a year and it worked great. Yesterday, it just stopped working. I can switch between connections but nothing shows up on the TV. I tried unplugging and redoing, but still the same problem.",Randomly stopped working.,2026-06-01,reviewer_en_0334845,en
es_0080988,product_es_0267546,wireless,2,"Se ensucia con facilidad, el lector de huellas funciona bastante mal después de ponerlo, al menos en el Galaxy S10+",Regular,2026-06-01,reviewer_es_0608348,es
fr_0853682,product_fr_0602761,office_product,3,Très pratique malheureusement la moitié des anneaux sont impossibles à ouvrir donc inutilisables... Vraiment dommage.,Anneaux,2026-06-01,reviewer_fr_0263847,fr
zh_0161349,product_zh_0727197,drugstore,5,毕竟亚马逊是个大牌商城，认为产品质量还是可信的。买剃须刀实际是为了一张66元的电子书券，没想到和国内的同款一对比价格差了几乎一半！估计接下来几年里都不用再买什么剃须产品了！,受搞活动有书券送的影响才买的,2026-06-01,reviewer_zh_0301962,zh
en_0086657,product_en_0927144,home,5,"What the title says. Makes rooms completely dark, but they aren't too heavy.",These are great. Blocks out all the light.,2026-06-01,reviewer_en_0429184,en
ja_0335969,product_ja_0318912,grocery,1,11月26日届いた商品の賞味期限が12月16日のものでした。1日1個だと全部飲めません。 50日前後の新鮮なものを送ると書いてますが、どうなってるのでしょうか。 定期便で子供に毎日飲ませていたため、とても残念ですが、続けるのは厳しいかと。,賞味期限,2026-06-01,reviewer_ja_0032407,ja
fr_0370236,product_fr_0116651,electronics,4,"Correspond parfaitement aux photos, de plus il y a le logo Audi au dos. Rien à dire de négatif !",Je recommande,2026-06-01,reviewer_fr_0114117,fr
en_0364982,product_en_0234414,apparel,3,Once on the legs keep riding up,They ride up,2026-06-01,reviewer_en_0143898,en
en_0710840,product_en_0167092,wireless,1,This is by far the worst item that I have bought via Amazon. The charger does not work. It charge my Apple Watch but not the phone. I wish I kept the packaging of this product. I would’ve returned this if I could.,Don’t buy this!!!,2026-06-01,reviewer_en_0119318,en
zh_0386782,product_zh_0897446,book,2,没有想象中的好，可能原著还是不错的。 翻译的文字没有吸引力,翻译的文字没有吸引力,2026-06-01,reviewer_zh_0211382,zh
en_0329192,product_en_0954430,wireless,2,"I have been through at LEAST 4 pairs of these. My mom, dad, and GF all have them as well. When they are new, they work great. Not cumbersome to wear, good sound while also allowing you to not be completely cutoff from your surroundings, decent battery life, and easy to use. HOWEVER, they don't last long. They come apart after a year or so of use. I have to get new ones pretty frequently. I finally bought the $6 ""protection plan"" with the anticipation that this will happen. Not only that, but 2 of the pairs I have gotten do not turn on right out of the box. Why? I stuck this thing on the charger for 2 days, and it still doesn't turn on. It is too bad. When these headphones work, they are exactly what I need. But they are just not reliable enough for me to recommend anymore.",Great headphones......when they work!,2026-06-01,reviewer_en_0820217,en
en_0307826,product_en_0779035,digital_video_download,5,"This is a wonderfully done documentary on the decline of our roadways in America. In no way would I have understood how bad things are without watching this film. Personally, I think this should be a required viewing for science/math (STEM) departments in schools. Get the problem into the minds of our youth NOW so they may start working on a solution. I highly recommend this for anyone and everyone who either drives on the roads, or utilizes our roadways in any way","This is a national issue that needs to be fixed, not patched, NOW.",2026-06-01,reviewer_en_0153777,en
en_0727073,product_en_0868050,home,4,"Lovely table setting for the holidays, but after the first washing, some of the color faded as if it was 20 years old. That was disappointing.","Lovely table setting for the holidays, but after the ...",2026-06-01,reviewer_en_0705571,en
de_0733449,product_de_0529025,digital_video_download,2,"Nachdem ich bereits positiv über den ersten Teil berichtet hatte, bin ich hier mal wieder maßlos enttäuscht worden. Bezug zum ersten Teil besteht, jedoch sehen die Darsteller anders aus, als im zum ersten Teil zu erwarten gewesen wäre, da es hier Fotos gab. Das beste an dem Film ist leider der Trailer. Der Kauf hat sich nicht gelohnt.",Trailer das Beste am Film,2026-06-01,reviewer_de_0994014,de
en_0325734,product_en_0910114,drugstore,4,"Very cute, were smaller than expected though.",Four Stars,2026-06-01,reviewer_en_0834910,en
es_0489945,product_es_0410575,watch,2,"Es grande la correa,la he ajustado lo maximo posible y aun así me viene grande. Esperaba que fuera mas pequeña.",Nicoleta,2026-06-01,reviewer_es_0717438,es
ja_0263002,product_ja_0281830,beauty,3,春から夏にかけてはCOOL系のシャンプーを使っています。 その中でもこちらはkool感が強く、洗い上がりはさっぱりしていてお風呂から上がってもcool感が持続します。,いつも使っているもの,2026-06-01,reviewer_ja_0593432,ja
zh_0576178,product_zh_0940306,book,1,味道非常的大，刺鼻，凉了还是天都还有，不敢给孩子翻阅。,书本味道非常大,2026-06-01,reviewer_zh_0600865,zh
es_0274164,product_es_0259710,electronics,5,"Compré este cable para una tele pequeña que tengo situada justo al lado de la toma de antena . Necesitaba un cable que fuese corto y flexible , este producto cumple los dos requisitos y con una buena calidad de imagen.","Corto ,flexible y de calidad.",2026-06-01,reviewer_es_0874139,es
zh_0959540,product_zh_0563013,apparel,2,172cm的身高，xl码竟然还小，不知是不是儿童版，还是…,小,2026-06-01,reviewer_zh_0741051,zh
de_0695533,product_de_0145712,digital_video_download,3,Der Film kann die Klasse und Spannung seiner Vorgänger nicht erreichen. Für Actionfans ohne besonderen inhaltlichen Anspruch aber genau das Richtige.,Wenig Handlung bei endlosen Verfolgungsjagden,2026-06-01,reviewer_de_0000547,de
zh_0897343,product_zh_0608337,office_product,1,真搞不懂为什么选择这样的垃圾快递公司，七号晚上就该收到货的，到了10号都没有一个电话过来。我真是服了！深圳银捷，极米，你为什么要这么砸自己的品牌？！,快递真够垃圾的,2026-06-01,reviewer_zh_0028334,zh
fr_0849603,product_fr_0741112,toy,1,"Une seule étoile car je n'ai jamais reçu ma commande et, si le vendeur semblait réactif au départ, depuis une semaine pas de nouvelle... J'ai demandé un remboursement mais voilà 7 jours d'écoulés... Je me demande si le problème ne vient pas du fait que je n'ai pu renvoyer cette commande pour le remboursement.",Produit jamais reçu,2026-06-01,reviewer_fr_0238183,fr
ja_0018661,product_ja_0002963,home,4,ABそれぞれ6曲ずつ入っていて、音質が違う。だけど、その違いがながーく一方の方で聞いていないとわからないかな。 どちらも素敵なので満足ではあります,音の違い,2026-06-01,reviewer_ja_0146215,ja
en_0552729,product_en_0769383,drugstore,1,"Every negative review is accurate! Doesn’t charge right, doesn’t sync right, won’t connect, readings are off. Honestly not sure why I still went ahead and purchased after reading these. I saw a lot of online reviews and people using them and thought it couldn’t be that bad. But it was. I’ve never been this frustrated with a tech product than I was with this. No support and terrible software.",Complete Letdown,2026-06-01,reviewer_en_0659938,en
es_0228419,product_es_0527872,toy,4,"Mi hijo de 2 años está encantado,y por el precio que cuestan compre dos ,uno para casa y otro para casa de los abuelos",Recomendable .,2026-06-01,reviewer_es_0997266,es
zh_0472683,product_zh_0452446,book,3,书脊有点皱，有点不太美观，希望书不要散架。,印刷有点浅,2026-06-01,reviewer_zh_0683499,zh
es_0752927,product_es_0192326,home,4,"No sé exactamente lo que filtra porque el manual no lo indica, pero el agua del grifo sabe mucho mejor. Por ponerle una pega, el temporizador de aviso de cambio de filtro lo hace contando semanas desde que lo instalas en lugar de hacerlo por litros de filtrado. Es decir, que si lo tienes cuatro semanas sin utilizarlo, te indica que debes cambiar el filtro",Resultado satisfactorio,2026-06-01,reviewer_es_0399390,es
es_0692086,product_es_0323392,home,2,"Por desgracia tengo que valorar negativamente las sartenes, se salen del mango y se pegan los alimentos, han debido perder la capa aislante. Los cuchillos están mejor.",Despues de 1 año de uso...,2026-06-01,reviewer_es_0781313,es
zh_0313774,product_zh_0108475,book,2,纸张神马的比较旧，太像教科书了，读起来没事什么趣味性，图示也过于简单……,太学术了,2026-06-01,reviewer_zh_0799135,zh
fr_0922673,product_fr_0693889,wireless,2,C'est tout sauf un appareil photo. Ah si : ce n'est pas non plus un tigre du bengale,Tigre du Bengale,2026-06-01,reviewer_fr_0242951,fr
en_0664140,product_en_0283611,other,4,And comfortable. Nice after market upgrade.,Economical,2026-06-01,reviewer_en_0284995,en
es_0410049,product_es_0938633,home,2,No tiene firmeza para mí gusto demasiado blanda,La comodidad y está no lo es,2026-06-01,reviewer_es_0107668,es
es_0868074,product_es_0545879,electronics,3,Es bastante cutre. Cumple su función y me costó la mitad que comprandolo en otro comercio. La luz de carga siempre se queda encendida.,Da luz,2026-06-01,reviewer_es_0151329,es
ja_0214050,product_ja_0807738,home,2,以前、同じ見た目のものを別の出品者から購入した時は荷重に強く、使い勝手もよかったので 購入しましたが、こちらはすぐ剥がれてしまい、あまり使えません。 1kg超えたらもうダメかも。,表記ほどの粘着力はないかも,2026-06-01,reviewer_ja_0454239,ja
es_0701987,product_es_0471632,camera,5,Imagen excelente Colores bellos. Tiende a pronunciar el rojo. Gran estabilidad para interiores sin flash. Relación calidad precio excelente.,Fantástica,2026-06-01,reviewer_es_0844358,es
de_0964944,product_de_0102356,kitchen,5,Ich hatte fast die gleiche von Siemens. Modernisiert eine sehr gute Filterkaffeemaschine. bin sehr zufrieden..,Kam 1 tag zuSpät. So etwas kann vorkommen.Ich wurde gleich verständigt.,2026-06-01,reviewer_de_0918108,de
es_0199559,product_es_0845952,electronics,4,"El marco para C Max del 94 va muy bien, el adaptador ISO, cumple con su función y lo único q lo de la antena en mi coche no vale.",Rodrigo,2026-06-01,reviewer_es_0387179,es
ja_0479861,product_ja_0595615,camera,3,数年前に購入したモバイルバッテリーを開けて18650電池を2本取り出して、このケースを使って再利用と思い購入。 手持ちのモバイルバッテリー2機種は、重かったりかさばるので、18650電池2本用のこちらは、コンパクトです。 知識がある方が、18650電池の再利用する場合には、私なりにありだと思います。 リチウムイオン電池なので、危険を理解した上です。 ただ、18650電池が劣化しており、ほぼ使い物にならなかったです。(充電後1本4.1v程度 1本3.6v程度) 試しにフラッシュライトを点灯させたら10分程度で暗くなりました。 4つのランプで満タンになり、スマホに繋ぐと1つのランプが点灯し点滅になり、1分くらいしか充電できませんでした。 手持ちのモバイルバッテリーが、使えなくなったら、18650電池を購入して使いたいと思います。 使えない18650電池は、最寄りの回収協力店にて処分します。,18650再利用&自作MB,2026-06-01,reviewer_ja_0461153,ja
de_0551854,product_de_0300009,watch,3,"Eigentlich perfekt, nur habe ich bei der Bestellung übersehen oder es wurde nicht angemerkt, dass kein Batteriebetrieb möglich ist, daher kann das Teil nie in den Tresor",kein Batteriebetrieb,2026-06-01,reviewer_de_0031090,de
zh_0980212,product_zh_0061280,home,2,太薄了，后悔了，图片上看上去还挺厚的，其实是叠起来的，很薄很薄,太薄了，后悔了,2026-06-01,reviewer_zh_0317604,zh
de_0995796,product_de_0350617,baby_product,3,"Ist eine tolle Sache, aber die Klipse für die Bügel waren auf der einen Seite defekt u auf der anderen Seite gehen die sowas von schwer, ausserdem hat sich die Naht am Reißverschluss geöffnet. Verarbeitung sonst ganz okay.",Gut,2026-06-01,reviewer_de_0255748,de
en_0723192,product_en_0392903,beauty,5,In love with this rose water! I have tried other ones from stores even Mario Badescu and this one beats it for me!! This was the first rose water a tried before venturing out and just keep coming back. I guess i have hit gold with this one.,Highly recommend!,2026-06-01,reviewer_en_0891696,en
zh_0844507,product_zh_0460650,book,3,很多很多选择题只有答案，没有解释的，这样只能够让人家死记硬背。,没有华图的书好,2026-06-01,reviewer_zh_0975555,zh
zh_0649563,product_zh_0472380,shoes,1,最近亚马逊服务太差，产品售后太差，各种扯皮，各种推脱责任，还是去JD吧,最近亚马逊服务太差，产品售后太差，各种扯皮，各种推脱责任，还是去JD吧,2026-06-01,reviewer_zh_0062910,zh
zh_0734038,product_zh_0706375,toy,1,有味道，给宝宝用的东西味道这么大，真的很失望!,味道大，不建议给小宝宝使用,2026-06-01,reviewer_zh_0087242,zh
ja_0797403,product_ja_0363750,toy,3,ONとOFFボタン以外に、TRY MEボタンがあり、短く再生できる機能があります。 ON または、TRY MEボタンを押すことで、ペンダントが光り、音楽が再生されます。 (もちろんTRY MEは短めに頭のみが、再生) ただ、LR44ボタン電池を3枚も使用する割に、電池消耗が非常に激しいです。 体感では50回ほどで最初にセットされていた電池が切れました。 いや、正しくは最後まで再生されなくなってしまいました。 おそらく電池が切れたのだろうと、 すぐにコンビニへ走り、新品の電池をセットするものの、 これまた100回も再生することなく、切れてしまったのか、最後まで再生できなくなりました。 1枚200円弱する電池を3枚も使用し、1日持たないのは、かなりコスパが悪いです。 曲の短さは仕方ないとしても、光るだけの機能を付けるなどして、電池消耗を、抑えさせてほしかったです。 なお、電池の問題ではなく、接触不良でこの異常な消費量である可能性もあるため、 タイトルへはその可能性を示唆するべく文言を記載しています。,電池消耗が激しい。しかし接触不良の可能性も？,2026-06-01,reviewer_ja_0219364,ja
fr_0815777,product_fr_0568723,wireless,3,"Dommage, qu’il n’y ai pas un système pour retenir la connectique de l’iphone, au quotidien cela devient une vrai galère...",Perfectible,2026-06-01,reviewer_fr_0206968,fr
de_0832747,product_de_0257397,home,3,"Also ich hätte von WMF wirklich mehr erwartet! Der Kessel sieht von der Verarbeitung nicht hochwertiger aus als die Kessel für 10 Euro. Dass er von WMF ist, ist nur erkennbar durch ein Emblem auf der Bodenseite des Kessels. Ich behalte ihn dennoch, da er seinen Zweck an sich erfüllt, wenn auch mit leisem Pfeiffton und nicht so schnell wie unser alter strombetriebener Wasserkocher.","Erfüllt seinen Zweck, aber was macht ihn zu einem WMF-Kocher?",2026-06-01,reviewer_de_0451759,de
ja_0241429,product_ja_0877557,apparel,3,縫製も綺麗だし、色も気に入りましたが、デザインが少しフワッとしすぎかな。 お尻周りが少し太って見えるかも。 でもかわいいです。,透けてみえないし、軽い,2026-06-01,reviewer_ja_0596790,ja
en_0498685,product_en_0460632,apparel,4,"The shirt and vest fit as expected, but the pants were bit long",light and breathable,2026-06-01,reviewer_en_0918329,en
es_0253709,product_es_0181825,automotive,5,"es de muy buena calidad , y se acoplan perfectamente en el suelo del vehículo .",alfombrilla coche,2026-06-01,reviewer_es_0691092,es
fr_0714589,product_fr_0196881,home,2,"Si l'objet en soi devait être chouette et rigolo, celui que j'ai reçu n'est vraiment pas top. En effet, les finitions ne sont pas propres et surtout c'est à peine si les 2 parties de mon filtre à thé s'emboitent. Je crains qu'il ne s'ouvre pendant l'infusion, déçue..",Très mauvaise finition...,2026-06-01,reviewer_fr_0796332,fr
zh_0653433,product_zh_0274130,apparel,3,送过来后打开有一股味道，感觉像是发霉的味道，大小还是挺合适的，就是不知道能不能真的防臭吸汗,尺寸还行,2026-06-01,reviewer_zh_0062572,zh
ja_0532064,product_ja_0781363,apparel,5,前使った手袋は厚くて、ビニルのような素材で使いにくかった。 今回のものは非常にフィット感があって、使いやすい 色やデザインもシンプルで服装に合う。 スキーリゾートで暖かい手で撮った写真でこの手袋ですぐアップできる スマホ対応の手袋がすごく便利です。,便利性が良い,2026-06-01,reviewer_ja_0763684,ja
es_0382361,product_es_0680779,automotive,3,"Cumple su función sin grandes calidades. El adhesivo parece ser bastante eficiente después de un mes. Lo bueno es que se pega muy rápido. La calidad de espejo, cuando el vehículo está cerca se distorsiona. En fin, precio calidad no está mal",Precio calidad funcional,2026-06-01,reviewer_es_0907994,es
es_0477644,product_es_0501053,pc,3,"Contento con mi compra, pero la impresora multifunción, viene sin el cable para conectarlo al PC y tampoco el extensible para hojas de tamaño mayor (como indica en el manual). Es como comprar un coche sin ruedas...por lo demás, es una impresora láser rápida y silenciosa.",Faltan accesorios,2026-06-01,reviewer_es_0981795,es
ja_0124296,product_ja_0554841,sports,3,細身の人ならサイズはSで大丈夫。グリップはまずまず。オレンジを購入したが、色のついた部分にマジックテープがついてはがすと、毛羽立つ。あと、少しマジックテープ弱くなってきたかな。値段相応です。,2ヵ月使用,2026-06-01,reviewer_ja_0034109,ja
fr_0868742,product_fr_0120571,home,3,Tres jolie mais attention de petite taille !,Jolie,2026-06-01,reviewer_fr_0107106,fr
de_0249267,product_de_0177721,sports,4,Erfüllt alles wie beschrieben.leichte Bedienung für den Preis perfekt.empfehlenswert! Armband liegt gut am Handgelenk an Farbe wie Abbildungen. Wechselbänder wären schön.,H.dietrich,2026-06-01,reviewer_de_0547826,de
fr_0106000,product_fr_0922201,home,3,"Bien, ca fait sont boulo, par contre je crains qu'elle soit un peu souple pour les plus gros trous et du coup aurait tendance a se tordre un peu. Je pense cependant que c'est le même modèle qu'on retrouve partout.",Fait son boulo,2026-06-01,reviewer_fr_0975637,fr
en_0102775,product_en_0532630,home,3,"They carry your laundry and they don't fall over. However, these are a lot smaller than I thought they would be and a lot flimsier. If you actually fill it to maximum capacity and lift it up, you can feel and hear the straps of the bags starting to separate from the bag, so I would recommend carrying the bags through the side holes instead of the straps. But if you have quite a distance to walk and a lot of laundry, I wouldn't recommend getting these bags because they really hurt your hands when carrying them, either through the holes or with the straps.",It does the job,2026-06-01,reviewer_en_0400198,en
fr_0858641,product_fr_0207764,shoes,2,"Trop petit et pas assez bleu, trop clair. Je recherchai un bleu nuit",PHOTO NE CORRESPOND PAS A L'ARTICLE RECU,2026-06-01,reviewer_fr_0978751,fr
de_0566016,product_de_0843785,industrial_supplies,2,"Preis- Leistung ok. Aber Nüsse oder Mandeln wie es beschrieben steht passen nicht hinein. Verschluss Super, Luftdicht. Ich würde sie nicht mehr kaufen.",Zu klein,2026-06-01,reviewer_de_0303389,de
de_0841256,product_de_0397957,wireless,4,"Tolles Armband, bin sehr zufrieden damit. Einzig das Werkzeug zum verkürzen des Bandes ging beim ersten Versuch schon zu Bruch. Hat mir dann ein Juwelier gemacht.",Schwarz & Breit,2026-06-01,reviewer_de_0312656,de
fr_0525527,product_fr_0160037,office_product,2,les etiquette ne tiennent pas le lavage il faut les remettre régulierement,les etiquettes ne tiennent pas le lavage il faut les remettre régulierement,2026-06-01,reviewer_fr_0989294,fr
es_0667248,product_es_0519292,home,1,"Después de recibirlo y comprobar su estado, le faltaba las piezas para sujeción de la corona. Una pena, porque el material y herramientas son de cierta calidad dado el precio.",Imcompleto,2026-06-01,reviewer_es_0838504,es
en_0078530,product_en_0536295,industrial_supplies,1,Packaging was horrible as all the screws and washer were just thrown in the box and some are missing,Make sure all your connecting pieces are there,2026-06-01,reviewer_en_0564043,en
zh_0500099,product_zh_0790622,baby_product,2,不得不说，味道很大！吹了两天还是有味道只好用冷水洗了！结果好像味道更大了！都不敢用了 哎,有味道,2026-06-01,reviewer_zh_0286987,zh
zh_0585283,product_zh_0970436,book,4,如上所说，两本书对比之下，觉得这本应该是正版,这本书还是可以 才收到 打开质量可以 应该是正版,2026-06-01,reviewer_zh_0887474,zh
ja_0932199,product_ja_0569125,video_games,4,使っていたコントローラが壊れてしまい買いました。 購入後すぐに届いたし、梱包も丁寧にしてありました。正規品と同じで使いやすいです。 かっこいいコントローラを買えて満足です。,すぐ届いた,2026-06-01,reviewer_ja_0189930,ja
zh_0241853,product_zh_0170832,book,3,一般吧，看着看着就丢下没看了，可见吸引度,一般,2026-06-01,reviewer_zh_0239347,zh
fr_0098575,product_fr_0454354,drugstore,2,"L'article livré ne corespond pas à ce que j'ai commandé J'ai reçu la teinte 3 au lieu de 4 medium beige . Un peu déçu ,dommage.",Fond de teint Milani,2026-06-01,reviewer_fr_0135036,fr
zh_0865325,product_zh_0830951,pc,3,比原装小点，有充电USB口方便，用用一会很烫---有点担心会起火，,比原装小点，有充电USB口方便，用用一会很烫---有点担心会起火，,2026-06-01,reviewer_zh_0368863,zh
de_0798011,product_de_0370559,office_product,4,Tun was sie tun müssen.,Tun was sie tun müssen.,2026-06-01,reviewer_de_0754444,de
de_0405126,product_de_0015347,pet_products,1,"Es sind Risse im Holz und es ist sehr schlecht verarbeitet. Überall Kleber am Rand und an den Stellen wo es genietet wurde, sind kleine Stücke raus gebrochen. Kein Wunder bei so einem dünnen Material. Ich werde es meinem Goldhamster nicht in das Terrarium stellen.",Sehr schlechte Qualität,2026-06-01,reviewer_de_0123508,de
en_0090409,product_en_0206709,shoes,4,"Really cute! Quality isn’t fantastic, but that’s to be expected with the price. I’ll definitively get some good uses out of them this summer!",Cute for summertime,2026-06-01,reviewer_en_0089896,en
en_0818657,product_en_0278288,kitchen,2,"We had a Crate & Barrel heavy duty stainless canister for our coffee for the last 12 or so years & the (plastic, but heavy duty) latch finally gave up. So we bought this as replacement - decent reviews on AMZ. THE GOOD: It’s at least a good size to hold a whole 16 oz. bag of ground coffee. (Our last one only held ~14 oz). THE BAD: Super thin stainless steel - I have yet to drop or bang against counter accidentally, but if/when that happens, it’s gonna dent easily. THE UGLY: Rubber gasket is already falling off regularly. Gonna add a drop of clear silicone to hold in place. The latch is crap. It’s hard to get the “hook” to align on the cruddy “catch” part & feels like it’s gonna break off in my hand every day. Just cheap-o. Caveat emptor!","Light-Duty, Unlikely to Last",2026-06-01,reviewer_en_0108321,en
zh_0011389,product_zh_0654840,other,4,作为业余的红酒爱好者，这是一款轻松又有品质的好酒,不错的选择,2026-06-01,reviewer_zh_0625864,zh
ja_0151673,product_ja_0812681,watch,4,別の製品が良かったのでお店も製品も違いますが再購入 電波時計はこれいいですね,良いです,2026-06-01,reviewer_ja_0292535,ja
es_0539892,product_es_0343001,toy,1,"Muy mal, no mandan lo que se pide. Mira que hay dibujos y tiene que mandar este??!??",No mandan lo pedido,2026-06-01,reviewer_es_0231501,es
fr_0144312,product_fr_0930609,baby_product,2,Dommage que les couleurs ne sont pas comme en photo j’ai eu deux blanches c’est dommage je voulais une rose et une blanche,Nul,2026-06-01,reviewer_fr_0689127,fr
fr_0346931,product_fr_0789007,pc,4,Très efficace permet une amplitude wifi extrêmement importante Je vous le conseille vivement Sont aspect est très design Prix justifier,Très bon récepteur wifi,2026-06-01,reviewer_fr_0467624,fr
ja_0767716,product_ja_0925074,jewelry,3,発送等問題ありませんでしたがサイズが思ったより小さかったです。出品者の問題ではありません。サイズ感をもっとわかりやすくなるとより良いです。,思ったよりサイズが小さい,2026-06-01,reviewer_ja_0642789,ja
de_0901043,product_de_0425128,furniture,5,mir hat nichts missfallen.,Ohne Betreff,2026-06-01,reviewer_de_0588139,de
fr_0098761,product_fr_0410882,pet_products,3,bien reçu fontionne très bien,filtre,2026-06-01,reviewer_fr_0221432,fr
ja_0953628,product_ja_0642468,kitchen,3,風力が三段階調節とありますが 弱と強と強 2段階目と3段階目の風の強さが同じです。（個体差かな？） 結構涼しいです。静音とありますが音は別に普通かなと思いました。値段が安いのと充電して持ち運びができるのでそこはとても満足してます。,三段階調節？,2026-06-01,reviewer_ja_0578384,ja
ja_0287391,product_ja_0627477,baby_product,3,温度の変化についてはあまり感じる事が出来ませんでした、冷感に期待していたのでこの評価です。,温度,2026-06-01,reviewer_ja_0765935,ja
zh_0684340,product_zh_0667636,toy,1,我明明用了100元优惠券买的，居然依旧扣了我200元账户余额，什么情况！骗子啊！,多扣我100元优惠券的钱！！！,2026-06-01,reviewer_zh_0635139,zh
es_0293504,product_es_0343770,home,1,"No enfría nada,mucho mejor comprar un ventilador normal, crea demasiada humedad",No enfría nada,2026-06-01,reviewer_es_0564771,es
es_0996115,product_es_0201272,sports,2,Se le rompió esa misma tarde.,No muy bueno,2026-06-01,reviewer_es_0274206,es
de_0486654,product_de_0432396,drugstore,3,"eigentlich ein ordentliches und durchdachtes Produkt. Die Hülle lässt sich leicht anbringen, dadurch lässt es sich wesentlich sicherer packen. Lässt sich allerdings auch nicht mehr so leicht aus der Tasche nehmen, ist ja klar. Bedienung der Tasten und Laden weiterhin völlig problemlos möglich. Leider leiert die Hülle recht schnell aus. Dann lässt sich das Gerät zwar wieder schnell aus der Tasche nehmen, aber die Hülle bleibt in der Tasche...",Brauchbar,2026-06-01,reviewer_de_0301406,de
es_0016293,product_es_0051966,furniture,3,"Una vez montado muy bien, pero para montarlo las instrucciones muy muy justitas... Lo montamos entre 3 y nos volvimos locos, a parte de tardar una eternidad",Difícil de montar,2026-06-01,reviewer_es_0812406,es
zh_0101656,product_zh_0825582,book,5,指导了未来的人生方向，更加坚定前进的脚步,meaningful book,2026-06-01,reviewer_zh_0776571,zh
es_0873857,product_es_0629302,other,1,Pues muy mal. Porque se rompe justo un día después de que cumpla la garantía.El técnico me dice que es el panel central y que me cuesta 225 euros.,La decepción que siento.,2026-06-01,reviewer_es_0658039,es
fr_0317612,product_fr_0362216,wireless,5,"Très belle qualité pour cette coque, belles finitions",Très belle,2026-06-01,reviewer_fr_0642914,fr
fr_0409798,product_fr_0532046,home,1,"Je ne recommande pas ce produit, car lorsque l'on retire la spatule, tout se desintegre. N'est donc pas fait pour être utilisé sans spatule comme sur les photos. Je renvoie le produit.",Thermomètre spatule,2026-06-01,reviewer_fr_0215650,fr
fr_0143949,product_fr_0181481,wireless,2,Les explications relatives à ce casque n'étant pas très claires ce ne fut pas un bon achat pour ma part,Explications casque,2026-06-01,reviewer_fr_0113101,fr
de_0454494,product_de_0467708,sports,5,1A Produkt! Kann ich nur weiterempfehlen.,1A Produkt! Kann ich nur weiterempfehlen.,2026-06-01,reviewer_de_0351273,de
es_0536688,product_es_0557186,camera,1,"El cierre se ha roto en la tercera apertura de la carcasa, probando sobre la cámara.Parte metálica sobre soporte transparente.",Rotura del cierre,2026-06-01,reviewer_es_0373686,es
zh_0222421,product_zh_0424506,home,2,不知道哪里出了差错，少了一个轱辘也不值得找了唉凑合用吧！没有什么味道挺好的！,没有味道,2026-06-01,reviewer_zh_0355541,zh
ja_0449427,product_ja_0515096,shoes,1,至急使いたく梱包を開けてみたら縫い目がほつれて10cm位穴があいていました。目立つところなのに梱包まえに点検しないのですか。,不良品。,2026-06-01,reviewer_ja_0229559,ja
zh_0060266,product_zh_0835019,book,2,这本书的内容与作者精彩的人生经历相比，弱爆了。无插图只有流水账叙事性的文字描述，甚至没有人文历史的考证推敲，景色的描述完全没有代入感。,有了游记能有的全部缺点，唯一的优点是作者本身,2026-06-01,reviewer_zh_0829399,zh
de_0735617,product_de_0254020,apparel,3,Zu groß aber noch okay,Zu groß aber noch okay,2026-06-01,reviewer_de_0427768,de
en_0793731,product_en_0262150,beauty,2,The shampoo looked to be original and left my hair soft but conditioner was either fake or expired because it would leave my hair smelling like wet rag. Had to return and thankfully Amazon gave me a full refund.,... or expired because it would leave my hair smelling like wet rag,2026-06-01,reviewer_en_0418572,en
fr_0762894,product_fr_0525857,wireless,1,Les piles ne se charge pas correctement,A eviter,2026-06-01,reviewer_fr_0454385,fr
es_0836748,product_es_0420128,home_improvement,3,Calidad y precio a la altura. No se le puede pedir más. Cumple para las macetas que tengo.,Vale la pena,2026-06-01,reviewer_es_0250133,es
fr_0285087,product_fr_0568130,digital_ebook_purchase,3,Pas de grosses surprises mais un moment agréable. Se lit rapidement avec une intrigue policière. J ai bien aimé quand même.,Facile à lire,2026-06-01,reviewer_fr_0996241,fr
es_0920595,product_es_0613397,wireless,1,"El envío me llegó sin problema. Sin embargo a la hora de utilizarlo, encendió la primera vez y ya no volvió a funcionar. Pensaba que era problema mío, así que se lo regalé a mi hermano. Y a él le ha fundido ya 2 fusibles. Lo conectas y quema el fusible, que fue lo que me pasó a mi la primera vez. Por lo tanto me he gastado 18€ en un producto que no funciona y encima me está haciendo gasto extra.",3 fusibles quemados,2026-06-01,reviewer_es_0366778,es
zh_0413563,product_zh_0675447,shoes,3,绿尾掉色严重把白色部分都给染了啊。。。。,绿尾掉色严重啊,2026-06-01,reviewer_zh_0046683,zh
fr_0805816,product_fr_0448887,wireless,1,"attention à ceux qui font la même erreur que moi, ce chargeur ne me sert à rien car les ^pics de branchement sont vertical au lieu d'être horizontal",Bof Bof,2026-06-01,reviewer_fr_0841962,fr
fr_0932313,product_fr_0228312,watch,1,Reçue rapidement mais ne fonctionne pas et pas moyen de l'ouvrir pour changer la pile. Je déconseille fortement cet article,Ne fonctionne pas,2026-06-01,reviewer_fr_0628210,fr
fr_0727939,product_fr_0820537,furniture,4,Très bien rapport qualité prix,Très bien rapport qualité prix,2026-06-01,reviewer_fr_0830828,fr
es_0903580,product_es_0271346,wireless,1,"No vale para nada estos protectores, son plástico duro que no se engancha a la pantalla. Me llegó uno roto y el resto para tirar porque no hace ninguna función. No lo recomiendo para nada","Es horrible, no engancha en la pantalla",2026-06-01,reviewer_es_0934934,es
ja_0751359,product_ja_0012585,home,2,TOTOの純正の泡沫水栓をスワップして、この製品と、この製品と同じような形の 樹脂性の商品を合わせてテストしてみました。 この製品の泡沫は水が飛び散り、シャワーも勢いが強く、シンクの回りに水が跳ねて しまいます。(うちはキッチンの水圧が高く、バルブで調整しても、あまり変化なし) 作りはこの製品のほうがきちんとしっかりしていますが、期待していただけに、 ちょっと後悔気味かも。。。,素材と作りは良いのですが,2026-06-01,reviewer_ja_0080679,ja
ja_0048854,product_ja_0938355,drugstore,5,バラの美しいにおいがする。虫もたくさん寄ってくる。,バラだね。,2026-06-01,reviewer_ja_0744327,ja
en_0863781,product_en_0986141,automotive,1,"Died after a year of very very light use, not worth it look elsewhere.",Garbage Buy something better,2026-06-01,reviewer_en_0742148,en
de_0575276,product_de_0780027,wireless,4,Tut was sie soll. Habe ich für eine Fitness Uhr bestellt. Lässt sich gut zuschneiden.,Zu empfehlen,2026-06-01,reviewer_de_0700857,de
en_0597621,product_en_0422213,kitchen,1,"I wrote a review that was deleted. So, here's another attempt. This is such a wonderful product. Buy as many as you can, and then buy some more for gifts. You will be ecstatic.",Wonderful,2026-06-01,reviewer_en_0622264,en
es_0139019,product_es_0003356,personal_care_appliances,1,Estaba usado y no funcionaba al enchufarlo se encendía La Luz pero no calentaba he contactado con ellos para que me lo cambien por otro,Almohada lumbares,2026-06-01,reviewer_es_0218485,es
ja_0388545,product_ja_0696796,apparel,1,ファスナーが脆い。 ファスナーが生地に噛む。 ファスナーの滑りが悪い。 （現在）使用回数3回でファスナー壊れて、前を締められない。 使い捨てコートと言っていいぐらいの代物,これは使い捨てコートか？,2026-06-01,reviewer_ja_0244928,ja
en_0902954,product_en_0429808,wireless,4,I like them also no reveiw 4 the workout thing cause im fat. :p,Thier pretty good 4 the price.,2026-06-01,reviewer_en_0919190,en
zh_0750099,product_zh_0416973,digital_ebook_purchase,3,"如题,第21章完全没内容,一片空白。恰恰是我最感兴趣的一章,已联系客服,希望尽快补上。",不建议买kindle版,2026-06-01,reviewer_zh_0408169,zh
es_0045203,product_es_0471081,home,1,Aunque es económico he tenido problemas al instalarlo porque el voltaje de entrada no coincide con el de la fotografía de las especificaciones.,Voltaje incorrecto,2026-06-01,reviewer_es_0003618,es
es_0026507,product_es_0342644,digital_ebook_purchase,5,"Si te gustan los cómics de superhéroes, las novelas policiacas o de aventuras, los planes maestros... este es tu libro. Es un libro ameno y con una prosa fácil de seguir. El ritmo se hace ágil gracias a sus descripciones cortas, sus cambios de punto de vista, capítulos no muy largos y una trama que avanza constantemente a buen ritmo (sobre todo después de la primera cuarta parte del libro). Por otro lado, tanto la forma de relatar, como las situaciones y diálogos reflejan bastante bien el mundo moderno en el que vivimos, permitiendo que los lectores nos metamos de lleno en el libro. Además, al margen de las preguntas que quedan abiertas al final del libro, nos muestra un universo bastante rico y con muchas posibilidades, por lo que espero con ganas futuras entregas. Es sin duda un soplo de aire fresco en un género tan manido como el de los superhéroes, sabiendo coger las virtudes del género y eliminando muchos clichés e incongruencias. Sin duda merece la pena leerlo.",Si Héroes te decepcionó....,2026-06-01,reviewer_es_0220546,es
ja_0523458,product_ja_0319879,digital_video_download,5,カーチェイスもファイティングアクションも楽しめました。違和感はなかったです。 ヒロインは基本的に好きなタイプです。ファッションモデルのような体型ですけど そこが好きなわけじゃない。 ソバカスはぜんぜん気になりません。むしろソバカスがある人が好きなのかも。 さすがに、最初のところは、カメラの撮り方や表情が悪くて見るのがいやだったけど。 私のキャスティングへの不満は、むしろ、悪役と警部です。悪役らしさはでてるでしょうけど、 貫禄がなくて貧弱です。警部には、ノホホンとしたおっさんではなく、能力を感じさせる どこか鋭いものがほしいです。,おもしろかったです。,2026-06-01,reviewer_ja_0631908,ja
en_0856837,product_en_0273958,kitchen,2,It had a strong chemical smell and needed to be aired out for several days before use. I finally put it in the washing machine and it now smells ok. Not really what you want to put your kids lunch in when it smells toxic.,Smells bad,2026-06-01,reviewer_en_0342013,en
zh_0565222,product_zh_0954556,book,1,亚马逊的价格太水了，要70元，*宝大部分只要40、50元,太坑爹了！,2026-06-01,reviewer_zh_0779722,zh
es_0899512,product_es_0859898,home,4,"Llegó en el día previsto. Es muy bonita la única pega que le pongo es que huele mucho, aunque parece q el olor va desapareciendo.",Es muy bonita,2026-06-01,reviewer_es_0801605,es
de_0402058,product_de_0031741,home,2,"Grundsätzlich sehr schön und gut als Mückenschutz an der Tür geeignet. Habe zwei Stück bestellt. Einer war o.k. , der zweite geht bestenfalls als 2.Wahl durch. Die Seile sind fehlerhaft. Das hat mich schon enttäuscht!",Fehlerhaft,2026-06-01,reviewer_de_0824630,de
ja_0390610,product_ja_0270909,wireless,2,安くて便利な商品です｡ 配送は早かったです｡ スマホ本体を入れるケースが硬めなので本体を操作する電源ボタン､音量ボタンが使いづらい｡,本体ケースのボタンが使いづらい｡,2026-06-01,reviewer_ja_0519165,ja
ja_0253491,product_ja_0456311,kitchen,5,夏の外出に備えて購入しましたが、3段階調整があって、風量も切り替えられてすごく便利です！,風力強いです！,2026-06-01,reviewer_ja_0600192,ja
de_0568362,product_de_0308694,pet_products,3,Pflanze kam so zu mir wie auf dem Foto. Nach dem wässern habe ich die eingepflanzt und sie ist schon toll gewachsen,Ist so wie auf dem Foto,2026-06-01,reviewer_de_0517091,de
fr_0725198,product_fr_0643121,book,1,"au debut le livre m'a plu mais tres vite l'ecriture est devenu trop ennuyeux. en fait c'etait deguise comme une biographie; et l'auteur a cite beaucoup trop de noms celebres. non, je ne le recommande jamais.",trop de deception,2026-06-01,reviewer_fr_0145138,fr
fr_0064517,product_fr_0769320,video_games,5,Envoi rapide et soigné,Aucun problème,2026-06-01,reviewer_fr_0339672,fr
ja_0071035,product_ja_0135724,apparel,4,ドレスショップの方に「うわぁ～かわいい～！！」と感激されました！ 式は明日です。このグローブとともに楽しんでまいります。,とってもかわいい！,2026-06-01,reviewer_ja_0062799,ja
es_0718953,product_es_0716578,kitchen,1,"Poca potencia. Aunque lo limpies no filtra bien. Las ventosas son muy malas, las pegas a la pared de la pecera y al rato el filtro esta al completo en el fondo. Regulero regulero",Malo,2026-06-01,reviewer_es_0344765,es
fr_0326233,product_fr_0426696,home,1,"Les poils sont trop durs, les ventouses n'adhère pas tout de suite (trop petites par rapport à l'article) et lorsque l'on veut le changer de place se désolidarise de la brosse - Déçue -",Produit médiocre,2026-06-01,reviewer_fr_0397852,fr
en_0378683,product_en_0930933,pc,4,Liked option for blue. Seems good.,Blue USB charging cords,2026-06-01,reviewer_en_0265377,en
de_0540409,product_de_0613641,home,1,Kein Original! Absolut billig. Hier wird mit WMF geworben und Fake versendet,Kein Original,2026-06-01,reviewer_de_0090424,de
de_0288470,product_de_0476103,office_product,3,"Kann sein dass es funktioniert, mein ging gleich zurück",Funktioniert nicht einwandfrei,2026-06-01,reviewer_de_0390750,de
es_0295487,product_es_0747427,camera,1,"En una inmersión a 18 metros, he salido con el interior de la carcasa mojada, la cámara mojada y suerte que no se ha estropeado. No he podido bajar la gopro a una inmersión posterior a 33 metros. 0 fiable la carcasa. No sé si será la mía o es en general, pero al menos la mía, sirve como pisapapeles si la lleno de arena, poco más.",Entra el agua,2026-06-01,reviewer_es_0005269,es
fr_0886098,product_fr_0823585,home,3,"conforme, correspond bien à la description. pas encore utilisé mais devrait donner ce que j'ai besoin. Donc recommande cet article.",conforme,2026-06-01,reviewer_fr_0517798,fr
zh_0487714,product_zh_0817067,book,3,这套书一共有6册，全是彩色印刷，图片清晰，也没有难闻的气味。我外甥很喜欢这套书，每晚都要看过才肯睡觉。,外甥喜爱的《宝宝认知全书》,2026-06-01,reviewer_zh_0087639,zh
en_0654277,product_en_0053579,digital_ebook_purchase,4,Nothing....no I enjoyed it all ...............that is it. Don't care for THUS requirement at all. Not at all. Nope. No,You CAN learn to function,2026-06-01,reviewer_en_0825061,en
es_0021313,product_es_0459018,home,5,"Quedan genial,y el material tiene una calidad excelente",Calidad excelente,2026-06-01,reviewer_es_0950314,es
en_0930645,product_en_0278678,home,1,This is the third case of bolts from this post in the one year.everyone looks like this after a month of use. White/black things start coming off of it and pulling hair .,Black balls form that pull hair,2026-06-01,reviewer_en_0664073,en
en_0254897,product_en_0095434,apparel,3,"I was disappointed with these. I hoped they would be the same thickness as tights or stockings, providing a thin layer of cushion and protection without the full bulk of socks. Unfortunately, these are no thicker than pantyhose. There's really no cushion for your foot, and the ""reinforcement"" is not true reinforcement or cushion in the normal sense - it's just a small toe section of 2 thin layers of pantyhose. The material is more of a net (like traditional, thin pantyhose) and seems like it will run easily. I certainly would not call these ""stockings."" However, I will say I was impressed that these stay up fairly well throughout the day without being too tight on your calf. So if you're looking for ankle-highs made of pantyhose material then these are a good purchase. I however, was looking for ankle-high stockings made of the same material as tights, so I wouldn't repurchase (and wish I could still return them).","Stay up, but very thin",2026-06-01,reviewer_en_0076984,en
en_0788193,product_en_0413774,shoes,3,Nice shoes but run small,Three Stars,2026-06-01,reviewer_en_0644644,en
ja_0866513,product_ja_0682932,sports,3,値段相応の２３ｃタイヤかと思いました。グリップ普通、摩耗普通。しばらく使っているとサイドがヒビ割れてきますが普通に使えています。ハードに使わず毎年履き替えなら安価で良いタイヤだと思います。,普通です,2026-06-01,reviewer_ja_0394452,ja
ja_0058371,product_ja_0836890,home_improvement,4,クラフトバント教室の先生からのおすすめでした。細かなところなどとても使いやすいです。,すすめられたものでしたが、使いやすいです。,2026-06-01,reviewer_ja_0403706,ja
fr_0728237,product_fr_0073065,kitchen,4,"pratique et hygiénique, avec un savon pas trop épais pour un fonctionnement optimal. l'option musique est inutile à mon sens mais bon. fonctionne très bien depuis début décembre 2017",pratique et hygiénique,2026-06-01,reviewer_fr_0768144,fr
fr_0110116,product_fr_0326382,apparel,5,"ceinturon très sympathique niveau design Tiens très bien autour de la taille, à voir sur la durée",Très bien,2026-06-01,reviewer_fr_0029859,fr
es_0930301,product_es_0983339,beauty,2,Mala calidad. Los hay mejores.,Malo,2026-06-01,reviewer_es_0144476,es
de_0695034,product_de_0752587,wireless,1,Klump ! Das erste welches ich bestellt hatte ging ohne weiteres auf mein Handy doch ohne Sturz hatte ich schon ein Riss im Glas. Nachdem mich das auf Dauer genervt habe bestellte ich mir ein 2. siehe da kriege es trotz gründlicher Reinigung nich ohne Bläschen drauf. Auch dies liegt jetzt in der Tonne! So kann man Geld auch weg schmeißen,Klump !,2026-06-01,reviewer_de_0530438,de
es_0118823,product_es_0392804,home,3,"Los colores son bonitos y la textura es buena pero no son encerados que se puedan quemar, no puedo hacer pulseras como quería.",Colores vibrantes!,2026-06-01,reviewer_es_0223225,es
ja_0143207,product_ja_0331197,camera,3,スマホで撮るよりは、綺麗な感じです。 当然といえば当然ですが、スマホで大きく拡大すると、ちょっとした震えがなかなか止まらない。,20倍は良いですよ。,2026-06-01,reviewer_ja_0691912,ja
ja_0113962,product_ja_0598114,kitchen,5,調整可能モード、この機器は全身のリラクゼーションをカスタマイズします。首、肩、腰と脚などの痛みを和らげるのに役立ちます。買ってよかったです。,痛みを和らげた。,2026-06-01,reviewer_ja_0575785,ja
ja_0406722,product_ja_0068409,home,4,私には使いやすい大きさなので、柄違いで2個目の購入。生地が固めだが使っているうちにやわらかくなってきた。シマシマ模様にちょっと目がチカチカするので星4。,たくさん入って持ちやすい,2026-06-01,reviewer_ja_0346337,ja
en_0753575,product_en_0204152,home,2,"don't have much of a scent at all, and hard as hell to get lit ... thumbs down",Keep looking ...,2026-06-01,reviewer_en_0489702,en
de_0686370,product_de_0555420,jewelry,5,"Sehen sehr gut aus, aber leider sind die Steine blind.",Ohrringe,2026-06-01,reviewer_de_0008059,de
ja_0467109,product_ja_0449848,kitchen,4,プルスイッチ(ひも)付きのシーリングライトは意外となくて、これにたどり着きました。 取り付けも簡単でいいですよ。 ただ、ひもが少し長いので邪魔に感じるかも知れません。 各自で短くするなど調整が必要です。,使いやすい,2026-06-01,reviewer_ja_0830739,ja
en_0947013,product_en_0687448,industrial_supplies,4,Great glasses. The only reason I'm not giving five stars is they still fog up but not nearly as bad as others I've owned.,Great glasses. The only reason I'm not giving five ...,2026-06-01,reviewer_en_0728608,en
ja_0067692,product_ja_0936320,kitchen,5,10年近く前のモデルのくるくるドライヤーからの以降なので尚のこと、音はすごく小さいと感じました。ナイトモード無しでターボを使っても気になるほどの騒音はありませんでした。風量についてはそこそこです。価格から考えれば相応以上の買い物だと感じております。,この価格でこの低騒音,2026-06-01,reviewer_ja_0875271,ja
ja_0596586,product_ja_0659491,book,3,本が少々波うってましたがなかは新品同様でした。,素早い対応ありがとう。,2026-06-01,reviewer_ja_0822985,ja
zh_0558248,product_zh_0795135,other,3,打开包装后，双轱辘的车轮有使用过的痕迹，而且开箱后没有包装。,轮子有使用过的痕迹，附图查看，请商家给予解释,2026-06-01,reviewer_zh_0420285,zh
en_0438793,product_en_0858756,home,1,This sheets were very soft after I washed them however i noticed yellow stains on them -never used before washing them- and now there is a run about 2 1/2 feet long where many strings look like the pulled. Will be a huge hole before long I imagine and I have never even slept on them.,Don’t waste your money,2026-06-01,reviewer_en_0796270,en
ja_0172364,product_ja_0195747,kitchen,4,前のオーブンレンジが故障して購入しました。 オーブンはほとんど使ってませんでした、 文字も見やすく使いやすくて気に入ってます。,使いやすい,2026-06-01,reviewer_ja_0041715,ja
en_0338546,product_en_0332358,shoes,3,Comfy but they are small for their size,Three Stars,2026-06-01,reviewer_en_0109708,en
ja_0681658,product_ja_0928753,automotive,3,かなり匂いがあるとは思いませんでした。ライトから施工してみたらつるつるになり良かったけどボディーのきずはきえなかった。ざんねん😅,においがきつい。,2026-06-01,reviewer_ja_0384292,ja
es_0647386,product_es_0023726,toy,3,"Tardó en llegar en relación al tiempo estimado en la web, de hecho, en la web aparecía que se había perdido el paquete. Cuando llegó, el contenido estaba un poco deteriorado, era la caja exterior y lo afectó al producto, en este caso.",Llegó tarde,2026-06-01,reviewer_es_0564924,es
en_0576568,product_en_0330605,watch,2,"The bands look great and my boys love them however after a few weeks the bands started coming off while my kids are wearing them, now they are coming off daily. I thought the quick release would make for an easy install but it’s not with them continually coming off while in use.",Bands look great but come off on their own.,2026-06-01,reviewer_en_0713817,en
en_0292230,product_en_0489660,grocery,1,Saw all the good reviews and purchased it. I wouldn't even purchase it if it was cheap... It tastes terrible.,Tastes terrible,2026-06-01,reviewer_en_0483226,en
de_0984105,product_de_0409741,wireless,1,"Leider verhält sich die Folie wie ein Panzer. Das Smartphone war nach Anbringen der ""Schutzfolie"" kaum zu gebrauchen. Der Screen zeigte so gut keine Reaktion, es sei denn, man drückte dermaßen auf, das mann befürchten muss, der Screen würde brechen. Also: Tonne und wieder zu meiner alt bewährten Schutzfolie von MyGadget. Hier ist die Bedienung fasst wie ohne, hat dafür aber den Nachteil, das sie schneller kaputt geht. Wer billig kauft, kauft zwei mal.",Nur optisch gut,2026-06-01,reviewer_de_0401057,de
ja_0400736,product_ja_0046669,automotive,4,軍手するくらいでけっこう大丈夫です。スイッチ類の操作がしにくい！もう少し手の入れ口を上に向くようにせて欲しい。,スーパーカブに使用,2026-06-01,reviewer_ja_0026091,ja
fr_0645635,product_fr_0491443,wireless,2,La coque en sois est très bien mais je déconseilles l’anti-casse car elle fait bug le téléphone (écran).,Mauvais,2026-06-01,reviewer_fr_0334913,fr
ja_0968138,product_ja_0832678,pc,2,静かで良かったけど 1カ月で左クリックが効かなくなりました,残念です。,2026-06-01,reviewer_ja_0591219,ja
ja_0021618,product_ja_0254446,beauty,2,確かに沈丁花といった香りです。 でも、好きな感じではなかったです。,良くも悪くもなく。,2026-06-01,reviewer_ja_0884379,ja
ja_0418884,product_ja_0656628,book,2,村上春樹っぽく言うなら…「誰かを混乱の淵に置き去りにする為に巧妙に時間をかけて作られた手の込んだバンジージャンプ台のような作品」です。,生産と非生産の間の何か,2026-06-01,reviewer_ja_0317833,ja
ja_0294607,product_ja_0966603,digital_video_download,3,タイトルの一言に付きます。 映画としてはよくある無能がピンチを招き、その結果あれこれ問題が起きるという定番もの。 ラストは鶴の恩返しよろしく最初に助けた黒人が恩返ししてくれるという展開でしたが、さすがにボコボコにされた上にナイフを突き刺してきた相手を助けるってのは懐が深すぎないかなぁ、とも思いました。 まぁご都合展開で一応のハッピーエンドとして終わったので良しとしましょうか。 設定的にも突っ込みどころはありますが暇つぶしにみるのなら悪くはないと思います。,黒人がかっこいい映画は良作,2026-06-01,reviewer_ja_0177560,ja
zh_0072479,product_zh_0230568,grocery,2,很咸，不好吃。 午餐肉不就是火腿吗？而且吃起来有点恶心。,很咸，不好吃,2026-06-01,reviewer_zh_0777371,zh
fr_0550807,product_fr_0682177,wireless,1,"Article non recu,je attend depuis un semaine l'enquete du Amazon,tres decu",Non recu,2026-06-01,reviewer_fr_0666650,fr
es_0492203,product_es_0689704,pc,1,La carcasa muy bonita pero le falta alimentación con un cargador original de raspberry me sale el rayo no sé si será por el tema de los botones o por algo,Falta corriente,2026-06-01,reviewer_es_0651775,es
en_0414144,product_en_0974812,sports,2,The bat looked good upon purchase but my grandson used it in a baseball game and it bend/ dented on the first hit. Not a good buy. Had to use a team mate bat til his mom purchased another one.,Would not purchase another bat from this site,2026-06-01,reviewer_en_0418024,en
fr_0292588,product_fr_0231998,home,5,Produits de qualité et reçus rapidement. Merci !,Très beau rendu !,2026-06-01,reviewer_fr_0774811,fr
es_0342386,product_es_0280379,apparel,4,El albornoz compre para mi hijo y vino tal como esta en la foto volveria a comprar,Albornoz,2026-06-01,reviewer_es_0545115,es
ja_0916474,product_ja_0995825,digital_video_download,2,極端に強くなったキャラクター同士の戦闘で、途中からおいてけぼりになり、物語の趣旨が全然頭に入ってこなかった。 リアルな表現や凝った作画、戦闘シーンなどの技術はすごいと思うが、誰に何を訴えかけているのかよくわからない。 何を共感すればいいのかが今一つ分かりにくい。 金のかかった同人誌と思えば許せる点はある。,なんのアニメをみてるのか最後よくわからなくなった,2026-06-01,reviewer_ja_0791677,ja
de_0438113,product_de_0737057,home,3,"Leider hat unser neuer Induktions-Herd den Topf nicht erkannt. Schade, denn er war schön leicht, handlich und wie in der Abbildung.",Umtausch Herd erkannte den Topf nicht,2026-06-01,reviewer_de_0941089,de
de_0289509,product_de_0845878,other,5,"Seitdem unser Rüde das Halsband trägt, haben wir keine neue Zecke gefunden - es scheint zu funktionieren. Dazu muss man allerdings sagen, dass wir überwiegend in der Stadt und kleinen Parks unterwegs sind - weniger im Wald oder auf ländlichen Wiesen. Und im Norden Deutschlands gibt es auch weniger Zecken als im Süden. Das Halsband sieht gut aus und ist toll verarbeitet. Alles in allem also ein schönes und nützliches Accessoire.",Sieht gut aus - scheint zu funktionieren,2026-06-01,reviewer_de_0603825,de
es_0097486,product_es_0146845,camera,4,"En la foto parece que son dos pero es un botón, se atornilla muy suave,está todo muy correcto, el color no ha coincidido con lo que esperaba, lo esperaba más oscuro y es casi plata",Está bien,2026-06-01,reviewer_es_0232953,es
fr_0524310,product_fr_0925129,kitchen,3,"pour le prix je recommande fortement, par contre il faut bien suivre les instructions car sinon il s'arrete tout seul s'il chauffe trop, apres pour moins de 100€ on peut pas lui demander de faire le boulot d'un engin à 300€ toujours fidèle après 2 ans d'utilisation pas trop intensive mais presque, rien ne sert d'avoir un gros réservoir car les jus s'oxydent rapidement !! donc ça suffit on faisait +/- 1l et c'est le max d'affilé si vous voulez pas le faire cramer ...sinon il s'arrete et il faut alors le débrancher et le laisser refroidir",bien.,2026-06-01,reviewer_fr_0041309,fr
es_0872640,product_es_0623434,home,3,"Están bien por lo que valen,tuve el gran fallo de no mirar las medidas puesto que son muy estrechas pero buen precio",Estrechas,2026-06-01,reviewer_es_0307244,es
ja_0278547,product_ja_0698675,home,4,タイムセールで購入して¥1003で購入できました。3段階の使い方が出来て良いですが、70%節水のせいなのか水の勢いは弱いようです、器用範囲なのでOKです。,タイムセールで…,2026-06-01,reviewer_ja_0568448,ja
ja_0004740,product_ja_0194400,toy,1,かなりい小さめ 自分のサイズより2個は、上のサイズを着た方がいい。 表記と大きさが全然違います。 可愛いのに残念です 発送はとても早かったです,小さめ,2026-06-01,reviewer_ja_0539348,ja
en_0458124,product_en_0130412,other,4,"My son likes it for his thick wavy hair, but use more if you want your hair to calm way down!",Stylish,2026-06-01,reviewer_en_0039547,en
es_0840753,product_es_0213686,digital_ebook_purchase,4,"Entretenido y veraz, lo recomiendo, es fácil engancharse y se te pasan las horas rápidamente,como en la vida misma, la libertad tiene un precio.",Entretenido y veraz,2026-06-01,reviewer_es_0215694,es
ja_0743070,product_ja_0599793,grocery,3,御値段が、パックより、安いので、購入しましたが、茶こしに、いれるのが、めんどくさくなってきた。捨てるのにも、手間が、かかるし・・。,茶こしを、購入,2026-06-01,reviewer_ja_0491579,ja
es_0473025,product_es_0796739,toy,5,El producto es muy bueno mejor q lo q pensé un 10,Calidad 100%,2026-06-01,reviewer_es_0326286,es
en_0930071,product_en_0277229,other,2,"I love the mascara, but the primer did not work for me. It gave me raccoon eyes shortly after application.",I love the mascara,2026-06-01,reviewer_en_0758679,en
es_0918070,product_es_0513426,wireless,1,"He comprado y puesto infinidad de cristales templados a muchos dispositivos, y éste para mi ha sido el peor. Por querer ajustar al milímetro a todos los bordes su instalación en el móvil es farragosa y casi imposible que se quede bien a la primera. Este cristal templado, no me he fijado en otros, sólo tiene pegamento en los bordes exteriores, si a eso le sumas que están muy ajustados al borde provoca que haya sitios que la lamina no está perfectamente en contacto con la pantalla (los bordes precisamente). He tenido que quitarlo y desecharlo porque en esas zonas la pantalla no detectaba el dedo, a menos que presionara con esfuerzo, y era un tormento por ejemplo escribir con el teclado. Ademas emitía crujidos. Mi mujer tiene un vidrio templado que deja un par de milimetros en todo el perímetro y está perfecto así, incluso se ve mejor. Comprar este cristal templado ha sido tirar el dinero porque me ha durado media hora puesto. No lo aconsejo para nada.",Demasiado ajustado a todos los bordes,2026-06-01,reviewer_es_0654854,es
en_0195621,product_en_0011441,electronics,2,"These sound great but were never really comfortable to wear. The multifunction button press caused the bud to press against my ear causing discomfort. The charging case was awesome and the automatic pairing feature when you remove them from the case was really nice, but after about 2 weeks they stopped pairing to each other and no matter what I tried it didn't work, so I returned them.",somewhat uncomfortable,2026-06-01,reviewer_en_0435909,en
en_0872091,product_en_0220902,digital_ebook_purchase,4,Loved this but don't like it being interrupted in the middle of the storyline and then I have to buy the next book to see what happens.,Great book but NOT stand alone. Your buy this one you'll have to buy sequels to see what happens in the storyline.,2026-06-01,reviewer_en_0467146,en
de_0062091,product_de_0981540,sports,5,"Es ist ein erstaunlicher tragbarer Tisch. Ich habe mir die große Größe gewählt und konnte sie in meine Strandtasche zum Tragen legen. Es war ein Lebensretter, der unsere Wasserflaschen, Lebensmittel und Telefone am Strand vor Meer schützen kann! Ich konnte es 4 Wasserflaschen, einen Behälter von Salat und zwei iPhones bequem auf den Tisch legen. Ich bin so froh, dass ich nicht mit dem Medium gegangen bin, da ich zwischen den beiden schwankte (ich habe 3 kleine Kinder!) Oh, dieses Unternehmen muss die vorherigen Rezensionen gehört haben, da meine Tragetasche mit einem stabilen Gurt versehen war! Der Verkäufer ist unglaublich! Einer unserer Stopper klopfte aus und ich habe sie per E-Mail gefragt, ob es einen Ersatz gibt, den ich bestellen kann. Es war um 22 Uhr nachts. Sie schickten mir innerhalb von 2 Minuten eine E-Mail mit dem Angebot, einen Ersatz zusammen mit den Extras zu versenden, und wollten nur, dass ich meine Lieferadresse bestätigte. Tolle!",Wunderbarer leichtgewichtige Lösung für das Essen,2026-06-01,reviewer_de_0023966,de
ja_0995889,product_ja_0300995,industrial_supplies,4,しっかり固まって、よさそう。 あとはどれだけ耐久性があるか？,よい,2026-06-01,reviewer_ja_0769441,ja
en_0532313,product_en_0465210,wireless,2,the solar panel doesn't work it looks as if its charging but it is not. You must plug it in to the wall charger in order for it to be charged........,it does not charge with solar,2026-06-01,reviewer_en_0344625,en
en_0226344,product_en_0025762,apparel,3,The mittens fit my 10 year old but were much smaller then I expected I thought a women's small would fit my 13 year old.I guess I would need a large for sure!!!,The mittens fit my 10 year old but were much ...,2026-06-01,reviewer_en_0303136,en
es_0100752,product_es_0521620,automotive,1,"Tenía un mes de plazo de entrega, dos meses después aún no lo he recibido. He perdido el dinero ya que se supone que está enviado.",Es tirar el dinero,2026-06-01,reviewer_es_0597864,es
zh_0840112,product_zh_0075272,book,1,您如此包装一本书，是对买家的冒犯。也是对文化的不尊重。,包装非常差,2026-06-01,reviewer_zh_0753988,zh
en_0540750,product_en_0998310,home,3,"Colors aren’t as vivid as pictured. Also, wrinkle badly after washing.",Just okay.,2026-06-01,reviewer_en_0340854,en
zh_0545969,product_zh_0916793,beauty,5,值得推荐的一款，生完宝宝脸上总是好好的像有干皮一样！用了三次干皮不见了！真的超级好用,滋润好用,2026-06-01,reviewer_zh_0313953,zh
en_0912028,product_en_0578004,office_product,2,I bought this for 8.5 x 11 printed media and I simply could not make it fit due to the bubbles.,Does not fit 8.5 x 11 paper,2026-06-01,reviewer_en_0688275,en
de_0137423,product_de_0170051,pet_products,1,"Leider war das Produkt sehr lang nicht lieferbar. Angekündigt für August, aber im Oktober erst wieder verfügbar. Leider war die Verpackung bei unserer insgesamt, dritten Bestellung nicht sehr gut und der Dosieraufsatz mit Pumpe, hat komplett gefehlt. Das war schon enttäuschend, da es bisher anders gelaufen war. Das Produkt ist aber gleich gut geblieben.!",Wo ist der Dosier Aufsatz.?,2026-06-01,reviewer_de_0833839,de
ja_0806720,product_ja_0908223,home,1,底を見てみると錆が発生していました。 18-8だと錆びにくいといった記事を読んだこともあり非常に残念。,使用から半年経過,2026-06-01,reviewer_ja_0384205,ja
zh_0068438,product_zh_0657509,book,3,我买的也没有光盘，第二次寄过来同样没有光盘,没收到光盘,2026-06-01,reviewer_zh_0338419,zh
es_0742114,product_es_0872899,automotive,3,Topes de manillar para proteger los puños de goma. Traen tacos de diferentes medidas para adaptarlos a cualquier manillar. El problema es que el cono que aprieta y los fija es de plastico y al apretarlos se pasa de rosca y cede. Por el momento se mantienen fijos pero ya veremos.,Bien hechos menos los conos de apriete.,2026-06-01,reviewer_es_0044656,es
en_0582585,product_en_0809941,musical_instruments,3,so so for product quality - my son uses it - he is 10,Three Stars,2026-06-01,reviewer_en_0843404,en
es_0796596,product_es_0087695,sports,3,"COMODOS Y LIGEROS ... EL UNICO INCONVENIENTE SON LAS COSTURAS, TIENES QUE REVISARLAS DESPUES DE CADA CARRERA YA QUE TIENDEN A DESHILACHARSE.",MEJORABLE,2026-06-01,reviewer_es_0764841,es
es_0142113,product_es_0981821,home,1,"El primer problema es que se les nota demasiado el parpadeo (flickering) lo cual las hace incómodas después de poco rato. Además, después de solo 6 meses, 2 de las 6 bombillas del pack han muerto.",Mueren rápido y parpadean mucho,2026-06-01,reviewer_es_0069025,es
es_0616405,product_es_0876130,shoes,5,"Bolso muy aparente y bonito para llevar con vestidos de gala, asistir a una boda, etc. De diseño muy bonito con los cristales, le da un toque muy elegante. Lleva una correa plateada que hace que sea más cómodo el llevarlo. De tamaño está bien es pequeño pero caben las cosas necesarias que llevamos las chicas. Se ve de buena calidad y de precio esta bien.",Elegante,2026-06-01,reviewer_es_0126799,es
en_0709550,product_en_0345563,furniture,1,I purchased two of these chairs. Both arrived broken.,Disappointed,2026-06-01,reviewer_en_0335778,en
zh_0722764,product_zh_0969935,book,2,"快递员把书放在门房,也不告诉一下,晚上回来看网页才知道已经到了,明天去找书.",快递员呀,2026-06-01,reviewer_zh_0014096,zh
es_0785567,product_es_0314841,beauty,5,Recomendado por mi peluquera tengo el pelo bastante seco y llevo 1 semana sólo pero se nota...el pelo queda muy bien.,Buen champu para cabello seco 1.5 kg.,2026-06-01,reviewer_es_0417170,es
en_0052757,product_en_0820294,office_product,5,"I got these to hold my cookbooks on the top of my fridge and they work great! Haven't had any issues, and the oak color will probably fit in with any kitchen that has light wood cabinets. They were smaller than I expected when I opened the package, but they've been holding up large cookbooks for months now and have been working fine","Look fantastic, work great",2026-06-01,reviewer_en_0956027,en
es_0427438,product_es_0663730,personal_care_appliances,5,"Excelente!! Me encanta! Y de muy buena calidad! Si estais pensando en comprarlo, os lo recomiendo! No os defraudará! Genial",Genial,2026-06-01,reviewer_es_0528375,es
es_0967998,product_es_0726960,beauty,4,Me gusta y es de calidad buena!,le doy cuatro estrellas y medio!,2026-06-01,reviewer_es_0679718,es
zh_0391113,product_zh_0942214,book,3,没有送学习手札，送了一本梦想成真系列的考点精粹，但是是2014年的，没用，不如学习手札,没送学习手札,2026-06-01,reviewer_zh_0809077,zh
es_0558933,product_es_0536993,sports,4,Material bueno se adapta bien al manillar y en marcha no vibra pero el sistema de ajuste para el agarre del móvil hay que ayudarle en la zona de la guía cuando se está apretando si no se queda cogida de esa zona y no ajusta por igual. Montado en un patín eléctrico marca CECOTEC para un iPhone 6S,Buen producto,2026-06-01,reviewer_es_0746198,es
ja_0392303,product_ja_0579534,industrial_supplies,1,￥1799の時に買ってしまいました。 高ければいいのではないかと勝手に期待しての購入でしたが、 軽減どころか装着していないのと変わらず、愕然としました。 計４点入っているわけですが、どれもダメでした。 以前、航空会社から無料でいただいた耳栓の方がずっと優秀でした。 おすすめしません。,失敗でした,2026-06-01,reviewer_ja_0130868,ja
zh_0252513,product_zh_0026346,book,1,问一下如图的“希有”对嘛？这是盗版吗？求解！,对吗？,2026-06-01,reviewer_zh_0559461,zh
de_0294563,product_de_0673923,home,2,Leider kam der Artikel nie bei uns an. Die Kontaktaufnahme und die Kommunikation mit Amazon und den Verkäufer ging schnell und das Geld wurde zügig zurück überwiesen.,Artikel kam leider nicht bei uns an.,2026-06-01,reviewer_de_0262940,de
zh_0770215,product_zh_0632389,other,3,包装是很不错的，很重，只是不知道酒质量如何，送人的。但是发现酒瓶嘴上的那个纸是松动的。,还可以,2026-06-01,reviewer_zh_0761259,zh
de_0497310,product_de_0694310,other,1,Ich habe mich leider auf die Bewertung verlassen. Der Wein ist für meinen Geschmack eine Zumutung.,Hat mit Rotwein nicht viel zu tun.,2026-06-01,reviewer_de_0207444,de
zh_0560269,product_zh_0133364,book,1,5号的单子，6号确认了信息补开发票，一直到现在都没收到。 电子发票。发个邮件或者短信很难吗？联系了很多次，一开始说48小时之后发，这可真是之后好多啊！ 然后11号回复说请体谅双十一单子多，可我是5号的单子啊大哥！！！ 然后13号发了确认发票信息的邮件，说无误就补发给我，一直到现在，期间联系了商家，也不回复 昨天之前的邮件我还是很礼貌的，现在真的是没有耐心了第一次因为卖家的服务给差评 建议有需要发票的买家绕开这家店吧，耽误多少事 需要发票自然是有需要有用的，结果拖到现在，呵呵,对卖家的服务及其失望！！！！！！,2026-06-01,reviewer_zh_0552584,zh
zh_0848054,product_zh_0628844,apparel,2,选的6号，看尺码对照表应该是90的臀围吧。结果到手一试，相当于国内的XL以上，没法穿，送人了。,尺码不准，太大,2026-06-01,reviewer_zh_0284212,zh
en_0114564,product_en_0487998,home,1,Just didn't like the scent. Too much underlying urine smell. I threw it away.,One Star,2026-06-01,reviewer_en_0051910,en
es_0634561,product_es_0423970,lawn_and_garden,3,De destacar que sea de aluminio. Ya de cerca me parece algo caro. La chapa remachada q lleva junto a las ruedas se dobla con facilidad. Necesitaría un par de remaches más. Aunque tiene un plegado muy bueno no es fácil de almacenar. Si no lo cuelgas no se mantiene en el suelo estable. Por lo demás es cómodo de llevar.,Ni fu ni fa,2026-06-01,reviewer_es_0504831,es
de_0432948,product_de_0306970,grocery,5,"Ich verwende eigentlich Matcha einer anderen Firma, aber nachdem ich diesen Tee probiert habe, werde ich ab jetzt einmal beide abwechselnd verwenden. Sehr guter Tee, lässt sich mit dem Bambusbesen ausgezeichnet aufrühren. Das ist bei dem anderen Tee nicht ganz so, da bilden sich manchmal Klümpchen.","Sehr guter, hochwertiger Matcha",2026-06-01,reviewer_de_0269946,de
es_0303700,product_es_0193788,toy,3,La talla del cinturón era más pequeña que el pantalón El resto de la descripción del producto es exacta,Harley,2026-06-01,reviewer_es_0169402,es
zh_0056150,product_zh_0390942,book,4,里面的内容没有按照一定的规律编辑，看起来有点乱。当作教科书看就免了，有空翻翻当杂志看还不错。,当杂志看不错,2026-06-01,reviewer_zh_0755937,zh
de_0337767,product_de_0832504,electronics,1,Der CD Player hat von Anfang an gesponnen...Die CDs hängten immer wieder....nun nach 2 Jahren ist er komplett kaputt. Absolut KEINE Kaufempfehlung! Finger weg.,Schlechte Qualität für teuer Geld,2026-06-01,reviewer_de_0684711,de
fr_0206505,product_fr_0719042,home,3,"Outillage conforme à la description, fabriqué dans un plastique de qualité, livraison dans les temps et bien emballé pour éviter des dommages.",Tamis & outils de semis et plantation,2026-06-01,reviewer_fr_0381558,fr
zh_0313045,product_zh_0570597,book,1,失望，很幼稚的小说。没有文笔也没有内容。,失望了,2026-06-01,reviewer_zh_0461889,zh
es_0994517,product_es_0970881,home,3,"Me ha decepcionado el alcance del mando a distancia. A 4 m no funciona. Tengo otro foco, de otra marca, con las mismas caraterísticas y precio y alcanza más de 8 m. En cuanto a la luz, es correcto.",Mando con poco alcance,2026-06-01,reviewer_es_0339207,es
de_0154534,product_de_0160100,book,3,Überhaupt nicht das was ich mir vorgestellt habe. Ging leider zurück,Naja ...,2026-06-01,reviewer_de_0723978,de
ja_0503370,product_ja_0324379,sports,5,金額見た目共に文句なく、良い商品だと思います。,コスパが良い,2026-06-01,reviewer_ja_0328915,ja
de_0589777,product_de_0290851,home,5,"Wir haben diesen Messerschärfer seit Jahren, er hält sich gut und tut, was er soll....die Messer werden wieder scharf. Nun wollte ich meiner Freundin auch so einen schenken, leider wurde er nicht wie auf dem Bild in schwarz geliefert,sondern in weiß. In diesem Fall nicht schlimm, passt besser zu ihr. Trotzdem ärgerlich , wenn man eine andere Farbe als bestellt, geliefert bekommt.","Leider andere Farbe erhalten, als bestellt",2026-06-01,reviewer_de_0549964,de
zh_0023338,product_zh_0521621,book,4,这类的书很多。不进实体店，网上要找一本综合且深入的，好像不太容易。这本还算好。,印制精美，特色不够突出。,2026-06-01,reviewer_zh_0158845,zh
zh_0330393,product_zh_0990498,beauty,1,保质期多久，为什么是2016年生产的，是不是过期了啊……😓,保质期,2026-06-01,reviewer_zh_0549769,zh
es_0604698,product_es_0058759,home_improvement,2,Es como muy endeble :(,Muy malo para su precio,2026-06-01,reviewer_es_0844645,es
en_0604211,product_en_0387124,home,5,Easy to put together. Love it!! It looks great!!! Now my kiddos have their room separate from the living room!!,Easy to put together,2026-06-01,reviewer_en_0019144,en
en_0629637,product_en_0935481,shoes,4,I would have given the bag 5 stars but it had no pockets on the inside and i wish it a a snap to close it....,It's sturdy abd stylish!!!,2026-06-01,reviewer_en_0659225,en
en_0377349,product_en_0844541,other,5,Bought these to replace a watch battery and they did the trick. Now I have them for future jobs that require precision....maybe the wife will use them for grooming.,Bought these to replace a watch battery and they did ...,2026-06-01,reviewer_en_0277837,en
de_0520814,product_de_0032369,apparel,4,"- alles wie beschreiben - sehr gute Verarbeitung - tolles Preis / Leistungsverhältnis - mit Zubehör - nur größer Gläser sind besser bei Sonne, hier zählt die Optik ich behalte die Brille trotzdem und würde Sie auch wieder bestellen",Optik super,2026-06-01,reviewer_de_0042790,de
fr_0783773,product_fr_0464481,home_improvement,2,"Je l ai acheté pour couper du carrelage en pensant que ça ferait le taf, en allant doucement il n y a pas trop d éclat, mais en fin de coupe le carreau casse quelque soit la longueur/largeur du carreau et de la coupe, ça vibre beaucoup trop, C est clairement réservé pour de la pierre",Pas fait pour du carrelage/faience,2026-06-01,reviewer_fr_0740592,fr
fr_0395001,product_fr_0582565,drugstore,5,Top ! De quoi vous brosser les dents en douceur et en faisant un geste pour la nature !,"Jolie, efficace, naturelle !",2026-06-01,reviewer_fr_0041454,fr
es_0575576,product_es_0065816,automotive,4,"Practico,para poder subir y bajar patas de un remolque con un atornillador.",Elemento muy util,2026-06-01,reviewer_es_0193446,es
zh_0131834,product_zh_0381807,other,2,用了不到半年，目前已经不能用了，仍然是老问题，其他地方都好好的，气炸！可能真是因为太长了，也可能是天太冷？总之现在要买新的了，打算入0.9米的试试看。————没必要买1.8米的感觉，好长的线，比原装的线要硬。,已经折了用了不到半年,2026-06-01,reviewer_zh_0900988,zh
de_0965297,product_de_0168431,pet_products,3,hatte nicht wirklich geholfen,antiforte,2026-06-01,reviewer_de_0368969,de
ja_0456579,product_ja_0908489,grocery,2,特に美味いわけではない。 栓のキャップが小さいわりに固く、開けにくい。,リピートは無い。,2026-06-01,reviewer_ja_0260293,ja
zh_0766100,product_zh_0467503,book,1,本书内容堪称经典，不过这本书是旧的，很不满意的一次亚马逊购物。,极不满意,2026-06-01,reviewer_zh_0492716,zh
fr_0275416,product_fr_0659672,electronics,2,Pas cher mais pas costaud.,Bof,2026-06-01,reviewer_fr_0991727,fr
en_0262461,product_en_0110455,beauty,4,"Does anyone know how to check to see if all the cream is gone? When I push down, no more cream is dispensed. But if there's some cream left, how would it travel upward? One usually turns the container upside down to get the last remaining product.",Does anyone know how to check to see if all ...,2026-06-01,reviewer_en_0348518,en
es_0878614,product_es_0367411,home_improvement,2,"Lo único que tiene esta cámara de bueno es que es independiente de cualquier software P2P ya que dispone de un sistema interior que te ofrece la imagen en un navegador y la posibilidad de programarlo. El software para P2P al mes me dejo de funcionar, cuando accedes desde el exterior",camara,2026-06-01,reviewer_es_0884810,es
zh_0114420,product_zh_0741160,personal_care_appliances,1,非常差，才用不到一个月，按键就不灵敏，要敲一敲才可以，千万别买,非常差，才用不到一个月，按键就不灵敏,2026-06-01,reviewer_zh_0775733,zh
de_0604699,product_de_0893494,digital_ebook_purchase,5,"Jeder kann lernen, die eigenen Begrenzungen zu überwinden. Pflanze dir gute und sinnvolle Glaubenssätze ins UB !",wie das UB funktioniert,2026-06-01,reviewer_de_0822040,de
fr_0298645,product_fr_0826882,automotive,1,Acheté il y a pas une semaine et deja une de cassée et l'autre ne va pas tarder. Photos si jointe,De la m.....,2026-06-01,reviewer_fr_0552587,fr
ja_0655426,product_ja_0978399,grocery,2,業務スーパーで買った「ココナッツパラダイス」というチョコレートが忘れられず、 似た感じのお菓子を探してこれを買いましたが、 ココナッツが細かく粉砕されていて、少し練りこんであり、 ザクザクした歯触りがなくて、ねっとりした感じ。 求めていた感じとは異なりました。 それなりに美味しいですが、期待とは違ったので…。,思っていたのとは違いました。,2026-06-01,reviewer_ja_0471442,ja
fr_0168722,product_fr_0469036,watch,4,"Montre très légère et robuste. Les petits renforts, en haut et en bas du verre, sont malgré tout un peu encombrants et nuisent un peu à l'esthétique de l'ensemble.",Très légère,2026-06-01,reviewer_fr_0159841,fr
fr_0430216,product_fr_0611995,wireless,5,"Je cherchais un petit boîtier pour emporter les quelques jeux que j'ai en cartouches. Celui si est parfait pour moi. Maintient bien les cartouches et ne prends pas de place, je recommande 👍",Au top,2026-06-01,reviewer_fr_0297564,fr
ja_0379810,product_ja_0758875,digital_ebook_purchase,2,レビューの点数通りの漫画でした 野原ひろし感がそんなにない漫画でイマイチでした。 星２なのはですね 最後のほうある４ページがクレヨンしんちゃんの臼井さん風に書いた 本家の方がおそらく描いたグルメマンガがありました（笑） コレはめちゃくちゃおもしろいです＾＾ クレヨンしんちゃんのひろしを読んでいる感があってこの４ページだけで星あげれます＾＾,レビューの点数どおり（笑）,2026-06-01,reviewer_ja_0654756,ja
zh_0033986,product_zh_0273937,baby_product,3,自己孩子用这个，是老款，这个是新款，除了多一个杯架以外没看出别的差别，但是这个新款后背的挡板没有，减配了！老款式有的！打电话咨询说就是这样子的。这个是给侄女买的。,总结一下。。。。。。。。。。。,2026-06-01,reviewer_zh_0223009,zh
de_0173127,product_de_0700493,apparel,3,"Ich muss sagen, die Brille ist schön, und sieht hochwertig aus. Aber hat nix mit grau und verspiegelt zutun. Ist nur ganz normal schwarz. Schade...",Farbe haut nicht hin,2026-06-01,reviewer_de_0751549,de
zh_0941387,product_zh_0590133,kitchen,5,包包挺大的，就是保温时间太短，能保温1到2小时,保温时间不长,2026-06-01,reviewer_zh_0009992,zh
es_0249031,product_es_0815110,baby_product,2,"No me ha gustado mucho porqué se balancea poquísimo, más que una hamaca es una silla. Ha sido una decepción.",Decepcionada,2026-06-01,reviewer_es_0239637,es
de_0440672,product_de_0904570,home_improvement,4,"Ist der aus meiner Sicht günstigste gewerbliche Trockner, macht was er soll, braucht richtig viel Strom(das brauchen all diese Geräte) bringt aber spürbare Ergebnisse. Würde ich sofort wieder kaufen. Sehr gutes Preis/Leistungsverhälnis. Der nächste Sturzregen kommt bestimmt.",Viel besser als uralte schlecht gewartete Leihgeräte,2026-06-01,reviewer_de_0772117,de
zh_0521409,product_zh_0401542,automotive,1,白天还行，但是细节不清楚，前方车牌号根本拍不清楚。晚上那效果太差了，没有夜视功能，一片黑。,虽然便宜几十块，确实是奔着大品牌秒杀的，看来亚马逊的秒杀有点假,2026-06-01,reviewer_zh_0314336,zh
de_0272089,product_de_0397151,pc,3,"Bei meiner Steckdosenleiste leuchtet der Schalter nicht, ansonsten tut sie ihren Dienst",Beleuchteter Schalter leuchtet nicht,2026-06-01,reviewer_de_0608050,de
fr_0309189,product_fr_0101811,home,1,Ne marche pas ne pas acheté !!!!!!,Ne marche pas,2026-06-01,reviewer_fr_0930522,fr
fr_0134057,product_fr_0902800,kitchen,4,"Premier essai très satisfaisant. Les 3 embouts différents permettent d'accéder dans toutes les zones, petites ou grandes. Je ne sais pas combien de temps tient la batterie mais en tout cas j'ai pu faire toute ma salle de bain et wc sans devoir recharger. A voir maintenant sur la durée","Satisfaite du produit, pratique et efficace",2026-06-01,reviewer_fr_0876593,fr
fr_0665540,product_fr_0726717,drugstore,2,"L'idée est séduisante, la mise en place est assez facile (avec du lubrifiant) mais impossible de l'enlever. Il était remonté trop haut. Passage obligé par les urgences!!!",Oui mais NON en fait,2026-06-01,reviewer_fr_0370718,fr
de_0535800,product_de_0751498,kitchen,5,das gerät ist einfach in der bedienung und tut was ich möchte. ein toller helfer den ich nicht missen möchte!,genau das was ich brauche,2026-06-01,reviewer_de_0100299,de
fr_0923850,product_fr_0567970,home_improvement,3,"ça ne parfume rien, autant prendre des non parfumées.",durée,2026-06-01,reviewer_fr_0019716,fr
ja_0753231,product_ja_0545663,automotive,1,購入したけど、薬品みたいな臭いがきつすぎて無理でした。,臭いが、無理,2026-06-01,reviewer_ja_0152481,ja
es_0049902,product_es_0876944,automotive,1,No engancha bien del todo no llega a hacer clic una pizza con la otra no sé si es que mi cinturón es muy grueso,No engancha,2026-06-01,reviewer_es_0161080,es
es_0353486,product_es_0805995,pc,4,"No trae un cable usb-c para conectarlo a los nuevos dispositivos móviles, así como cable lightning. Con adaptadores no me funcionó bien, tuve que comprar un cable micro usb a usb c. Aparte de eso, el micrófono funciona muy bien",Buen micrófono calidad/precio,2026-06-01,reviewer_es_0327348,es
de_0206848,product_de_0041762,home,3,"Sehr billige Verarbeitung. Der Stiel von der Schaufel und des Besens sind sehr kurz. Beides ist sehr instabil - bleibt einfach nicht sehen. Der Besen ist sehr billig, die Borsten kamen schon verbogen an. Prinzipiell funktioniert das befüllen der Schaufel mit ein wenig tricksen ganz gut. Aber von einer Firma Leifheit, erwarte ich mir einfach mehr Qualität - sonst kann ich ja gleich im Diskonter kaufen.",Bei Leifheit erwarte ich mehr,2026-06-01,reviewer_de_0850260,de
es_0582416,product_es_0859880,toy,1,No me a gustado mucho,Muy pequeño,2026-06-01,reviewer_es_0656299,es
en_0330257,product_en_0548382,wireless,2,"I got the black sparkly case. It’s not nearly as sparkly as the photo. It has a cheap piece of paper inside the clear part with sparkles on it to make it sparkly. Very strange. Never seen anything like it and I have had many cases in my life. The case makes it very hard to press any of the buttons, and impossible to turn the silent button back and forth. It’s doesnt seem like it would protect it very well if I did actually drop it. Overall I’m not too happy with my case and probably will only use it for a few days until i get a new one.","Nothing like the picture, I’ve bad much better cases",2026-06-01,reviewer_en_0592499,en
fr_0543701,product_fr_0854474,wireless,2,"Bonne batterie, bonne durée de charge, le problème est qu'elle ne fonctionne plus au bout de même pas 2 mois d'utilisation donc je ne la recommande pas.",Déçu malgré une très bonne durée de charge,2026-06-01,reviewer_fr_0142127,fr
zh_0219226,product_zh_0269806,book,3,互联网+的时代背景下的应景之作，时效性太强，格局一般，没多少思想传承的价值。不宜过分强求。,互联网+的时代背景下的应景之作,2026-06-01,reviewer_zh_0337516,zh
en_0056918,product_en_0730785,book,1,Another liberal diatribe belittling the sacrifice of the US soldiers in WW II...,One Star,2026-06-01,reviewer_en_0058769,en
ja_0831125,product_ja_0932762,pet_products,5,白いからおしっこの色もわかりやすく 片手で開くので設置しやすいです。,良いです,2026-06-01,reviewer_ja_0197339,ja
fr_0967250,product_fr_0506990,jewelry,3,Très beau produit malheureusement il manquait le pendentif,Très beau bracelet,2026-06-01,reviewer_fr_0957800,fr
zh_0511097,product_zh_0381295,sports,5,买回来发现是高里程版的，于是就给了朋友的06年福克斯2.0用，朋友反映发动机很静音，提速方面也很不错，挺省油。机油质量很好，亚马逊的货源有保障，个人感觉比美孚划算得多了。,适合高里程老车用,2026-06-01,reviewer_zh_0782340,zh
ja_0946761,product_ja_0080781,sports,3,アイアンカバーとして十分です。なぜか生地が厚すぎ、具体的にはボンディング（異なる生地をあわせてある）のためだがそれによって 外見とは裏腹中のスペースが小さいですね。シンプルにすれば良いと思うのだが。,値段相応,2026-06-01,reviewer_ja_0144366,ja
de_0587754,product_de_0102488,home_improvement,1,Ware bis heute 23.08.19 noch nicht erhalten,"Schlechter Service ,keine Info wo die bestellte Ware bleibt",2026-06-01,reviewer_de_0599748,de
en_0694184,product_en_0181533,drugstore,1,"I was hoping I could use these instead of nasal strips, but even the smallest size are painful to wear. No way I'd get decent sleep wearing them.",Not Comfy. At all.,2026-06-01,reviewer_en_0274743,en
fr_0968048,product_fr_0690800,pc,3,"A peine après un mois d'utilisation, la carte a bloqué mon Lumix G9. J'ai du enlever la carte pour débloquer mon appareil. Cette carte était devenue un vulgaire bout de plastique. Elle n'était reconnu par aucun Pc, portable ou autre appareil. N'ayant obtenu aucune réponse de la part de SanDisk, je me suis tourné vers Amazon qui a rapidement procédé à un échange. Avec la nouvelle carte, pas de problème mais je n'ose plus lui faire confiance pour le moment. Je fais, systématiquement, une copie sur le 2ème slot de l'appareil photo.",Très vite défectueuse,2026-06-01,reviewer_fr_0116380,fr
de_0489349,product_de_0750600,pet_products,4,"Wir sind zufrieden bis auf die seitenstäbe...da waren schnell sie Kappen ab. Habe sie angeklebt Damit sie nicht gefressen werden. Unser Dackelwelpe passt prima rein. Die Halteleine war zu lang. Mit 2 Knoten gekürzt ... so geht's prima. Für den Preis absolut ok. Kindersitze sind wesentlich teurer Wenn man mehr Qualität möchte, muss man auch mehr investieren.",Zufrieden,2026-06-01,reviewer_de_0342350,de
en_0133064,product_en_0157263,pc,1,6 months later and I am pulling out the old router because orbi has failed. And over night the router changed its name. Lost to much of my mind on this,Orbi=over price junk,2026-06-01,reviewer_en_0487227,en
es_0174631,product_es_0011426,drugstore,5,Quita las manchas de tabaco perfectamente.,Perfecto,2026-06-01,reviewer_es_0611198,es
es_0825421,product_es_0301044,wireless,5,Producto de buena calidad; tal y como esta descrito en la página de detalle. Muy recomendable para proteger vuestro teléfono sin perder estética,Buena calidad-precio,2026-06-01,reviewer_es_0083532,es
ja_0157477,product_ja_0346241,video_games,2,アサシンクリードシリーズは、１で挫折して以来見向きもせず、前作のオリジンが面白すぎて、今回も！というノリで手を出しました。画像や広大なマップは素晴らしくワクワク進めていましたが・・・戦闘が・・・ムズイ・・・難易度イージーでも敵の硬さが半端ないです！死んだ後のロードも少し長くてリトライが億劫になります。アサシンといえば目立たずこっそり後ろからが良かったのに、正面切ってのガチンコバトルが多くて、戦闘のコツを覚えないと死にまくり・・・危なくなって逃げだした後の敵の追跡力もすさまじく、海に潜っても矢を浴びせ、しつこく追いかけてきます。ほんとスパルタだ・・・歴史的背景を交えたストーリーを楽しみにしていたので、もっとサクサク進めるモードを用意して欲しかったです。,難しい・・・,2026-06-01,reviewer_ja_0032690,ja
es_0395371,product_es_0504305,home,2,"Bonita, pero muy fina. Tiene tacto seda, pero se transparenta un poco, es demasiado fina para usarla de toalla, pero para tapiz de pared sirve perfectamente","Para tapiz bien, pero como toalla deja que desear",2026-06-01,reviewer_es_0947261,es
en_0292395,product_en_0558360,other,1,Do not buy this I bought this off amazon and it just came in yesterday I was so exited to try this out so I went into my pool and was swimming and it wasn’t leaking in water a lot of water was coming in from the top that’s the first bad thing. I was swimming on the very bottom of the pool and I was out of breath so I came up so I can breathe through the hole and I couldn’t breathe the mask suction cupped to my face and I wasn’t able to breathe then I try to pull the mask off my face and it is stuck and I still am not able to breath I eventually rip the mask off. Do not buy this I almost died yesterday from this MASK.,DO NOT BUY THIS YOU WILL DIE,2026-06-01,reviewer_en_0552572,en
fr_0557220,product_fr_0085668,toy,2,Produit incomplet : il manque tous les personnages en bois!!! Je suis très déçue de la marque et je ne recommande pas car visiblement je ne suis pas la seule dans ce cas.,Incomplet,2026-06-01,reviewer_fr_0877663,fr
ja_0966310,product_ja_0122064,home_improvement,1,TS10は２ネジ目で先端が割れた。TS8は１ネジ目で先端が曲がった。TS15～40は未使用なので分かりません。TS10については多用する必要があるのでWERA社のファイブスタービットをAMAZONで注文し直しました。安物買いの銭失いでした。,耐久性に疑問,2026-06-01,reviewer_ja_0359818,ja
zh_0880224,product_zh_0078775,book,5,包装精致，内容经典，引人深思，值得一看。,兵书经典,2026-06-01,reviewer_zh_0737818,zh
es_0595936,product_es_0889258,luggage,5,"Todo bien , llego perfecto en tiempo y forma. Muy buena impresión al abrirlo, novedoso y elegante.",Maravilloso,2026-06-01,reviewer_es_0572205,es
fr_0862723,product_fr_0611898,pc,4,un bon produit d'une marque ayant fais ses preuves en matière de disque dur... nous verrons dans quinze ans si il est tjs la ...,bon rapport qualité prix,2026-06-01,reviewer_fr_0309390,fr
ja_0569521,product_ja_0089026,shoes,2,傷が４か所ほどついていた 期待していたので残念です,残念,2026-06-01,reviewer_ja_0947865,ja
fr_0342501,product_fr_0241468,apparel,3,C’était un cadeau pour un collaborateur à surprise quand il m’annonce que c’est un (M) au lieu de XL que j’ai commandé Sans commentaire plus jamais chez vous merci,La taille. Pas bonne je commande un XL je reçois un M,2026-06-01,reviewer_fr_0305885,fr
fr_0862626,product_fr_0387702,beauty,4,"Un bon produit mais l envoi manque de rapidité cependant , je le conseille néanmoins car il répond aux attentes,",Bon produit,2026-06-01,reviewer_fr_0430099,fr
ja_0711965,product_ja_0794257,home,2,沸騰すると音がするのですぐわかる。ただし、うっかりすると蓋の穴から出る蒸気でやけどしやすい。,沸騰すると音がする,2026-06-01,reviewer_ja_0251962,ja
es_0169412,product_es_0262180,home,2,El que he recibido en casa no cierra completamente la tapadera. Por lo que no cumple su función. Una pena porque la GM es una maravilla,No ha cumplido su función plenamente,2026-06-01,reviewer_es_0415791,es
ja_0262634,product_ja_0197107,sports,5,さらっとしているので気持ちいいです。汗をかいても気にならないかもしれません。 ずっしりしているので敷いておくには滑らずにとてもいいですが、持ち歩きには不向きだと思います。 ゴムなので無臭というわけではないですが、特にきついとは思いませんでした。 クッションもふわっとしていて総合的に気に入りました！,コルクのヨガマットがお安く購入できて嬉しいです！,2026-06-01,reviewer_ja_0766106,ja
fr_0366636,product_fr_0440829,lawn_and_garden,1,"Difficile à étancher raccords plastique Le raccord double à cédé, d'ailleurs les raccords classiques certes s'emboîtent mais partent à la mise en pression. Les raccordements sur les Tés ne tiennent pas avec la chaleur du sud même en abaissant la pression..... Bref perte d'argent et de temps......",Pour résumer c'est chinois.....,2026-06-01,reviewer_fr_0207836,fr
zh_0923775,product_zh_0755831,beauty,1,很黏稠，说清爽好用的真的无法理解，难道我买到了假的了？,不好用,2026-06-01,reviewer_zh_0806190,zh
ja_0086632,product_ja_0610324,apparel,4,半袖の下に着込みますが、デザインも良く気に入っています。引き締め感も良く、お値段以上のものだと感じます。,引き締め感が良い,2026-06-01,reviewer_ja_0613119,ja
ja_0490612,product_ja_0603559,electronics,1,使えません！ なぜ、使えない物を売ってるのか、わからない！,買うだけ損！,2026-06-01,reviewer_ja_0533314,ja
es_0849668,product_es_0570007,kitchen,2,No corta cuando llega a la humedad aconsejada. Esta continuamente funcionando. No entiendo porque tienen un tubo para desagüe si tienes que tener el aparato en medio de la sala.,Regular,2026-06-01,reviewer_es_0704361,es
en_0022528,product_en_0496266,electronics,5,My puppy chewed up my original charger so after reading some reviews I settled on this! I have been using it for over a year now and it is still working with no issues!,Worked Great!,2026-06-01,reviewer_en_0837013,en
de_0473078,product_de_0941206,office_product,1,"Hallo, warte immer noch auf meine Ware. Die Patronen wurden geliefert, der Füller leider nicht. Ich würde gerne positiv bewerten .",Habe den Artikel nicht erhalten.,2026-06-01,reviewer_de_0579291,de
ja_0421515,product_ja_0426614,musical_instruments,3,付属品の説明がないため「電源アダプターが無い」と解釈し「別枠で発注」してしまいました。付属品はきちんと説明掲載してもらいたい。,商品の説明不足,2026-06-01,reviewer_ja_0867864,ja
de_0058562,product_de_0003016,drugstore,2,"leider ist es auch mit Gleitmittel, fast unmöglich das ding zu tragen, schade...",zu klein,2026-06-01,reviewer_de_0493727,de
zh_0304716,product_zh_0703073,watch,4,到目前为止还在服役，走时基本准，没有实际测量过，外形好看。,还行,2026-06-01,reviewer_zh_0546343,zh
de_0087514,product_de_0535605,beauty,2,"Hallo. Habe die Haare in platinblond gekauft, sie fühlen sich echt an und und sind auch weich. Aber die absolute Frechheit ist ja, dass da grade mal 5 Haare übertrieben gesagt dran hängen. Ich verstehe nicht wie andere hier zufrieden sein können? Und ich habe schon die 160 gramm gekauft aber da is nichts ausser ein paar fetzen dran... Mega enttäuscht.",Sehr dünnes Haar,2026-06-01,reviewer_de_0768082,de
de_0333290,product_de_0333228,drugstore,1,Von Aloe keine Spur . Ich komme aus eine Land wo Aloe Vera wächst vor die Tür ..,Ana Maria,2026-06-01,reviewer_de_0096237,de
ja_0214077,product_ja_0372038,kitchen,5,明るかったです。良かったです。長持ち度などはまだ使ったばかりなのでわからないです。,シャンデリアにぴったり。,2026-06-01,reviewer_ja_0856773,ja
fr_0275155,product_fr_0639200,home_improvement,4,"Bon produit,mais pas durable.",Bon produit.,2026-06-01,reviewer_fr_0434767,fr
es_0789466,product_es_0235932,automotive,5,Recomendable. Encaja perfecto en el Ibiza 6l,Perfecto para Ibiza 6l,2026-06-01,reviewer_es_0206539,es
zh_0462166,product_zh_0141931,jewelry,3,生锈 虽说是银的 生锈还有什么可戴的 用牙膏 白醋处理过不管用,二维码都扫不出不知道真假,2026-06-01,reviewer_zh_0706371,zh
ja_0566632,product_ja_0860576,wireless,3,普通に使いやすいですが、カメラや、ナビを起動した際に通信が途切れてしまいます。 色々と対策してみましたが、改善なしです。 自分の購入した機種だけだと良いのですが…,通信が途切れてしまいます。,2026-06-01,reviewer_ja_0173925,ja
en_0422021,product_en_0426271,apparel,4,"I have had the elastic version of this belt for some time now in a navy color and really like it except for the fact that being elastic when I unbuckle it, it will pop out of my belt loops so decided to try the clear plastic one. I find the elastic type to be more comfortable than the clear plastic but works well also and does not pop out of my belt loops.",These solve the bulky belt buckle showing under your shirts problem!,2026-06-01,reviewer_en_0795044,en
en_0559831,product_en_0249048,pet_products,1,Lasted 5 weeks before one of the tightening Buckles busted off. Our dog is only 60 pounds so that was unfortunate.,Broken buckle,2026-06-01,reviewer_en_0131881,en
ja_0685448,product_ja_0266338,sports,1,到着してから、1週間ほどで負荷調整のレバーが壊れました。内部のネジ止めがきちんとされていなかったようです（分解しないとわからないので 返品します）。デスクの下でトレーニングするには良かったのですが、耐久性に難があるようです。,すぐに壊れました,2026-06-01,reviewer_ja_0626674,ja
ja_0953923,product_ja_0970095,jewelry,2,綺麗ですが、グリーンですのでドレスにあわないから使わないですかね。 ネックレスの裏も写真な感じでした。,綺麗な水色でわなく。めっちゃグリーン。でした。,2026-06-01,reviewer_ja_0312731,ja
zh_0798764,product_zh_0281730,beauty,5,本想着这么便宜效果肯定不怎么样，谁知道用完一片面膜效果和我想象的不一样，真的很水润保湿。,面膜很服帖也补水,2026-06-01,reviewer_zh_0797537,zh
ja_0796067,product_ja_0453885,electronics,4,X-LIVEというメーカーのR552Sに装着。SMLと3つのサイズが入っているので、どれかに合うだろうという安易な考えで購入 笑 S=ちょっと厚みに無理があるけどなんとかハマる M=まぁ普通にハマる L=ジャストじゃね？！ ってな感じで全部ハマりました。 で、あとは自分の耳の形(内側軟骨部分)に丁度よかったのはLでした。耳の穴は小さい方なのですが、耳自体はどうやら大きいみたいです私。 純正のは先がチューブの口みたく？すぼんでいる形だったのですが、こちらの商品の形でも問題なく付けれました。 あとは、どのくらいもつかな〜という感じです。 Sに関しては、はめる時にあまり無理をすると切れそうです。 軟骨に当たる部分は柔らかめなので、人によっては頼りないと感じるかもしれません。わたしは痛くならないので、このくらいの方がいいです。,なかなか良かったです,2026-06-01,reviewer_ja_0230740,ja
zh_0139675,product_zh_0857283,digital_ebook_purchase,4,其他感觉还行，这种经典还是要看原文，管理学派的重要分支,目录有错，翻译的还是觉得差了一层,2026-06-01,reviewer_zh_0086760,zh
de_0584315,product_de_0928443,wireless,5,Super Stifte! Ich benutze sie mit meinem Samsung Galaxy Tab A Tablet und sie sind echt spitze.,Tolle Stifte,2026-06-01,reviewer_de_0885260,de
zh_0395053,product_zh_0616360,other,1,味道确实不行，如果不是自营，我会怀疑是国内假货,比较失望,2026-06-01,reviewer_zh_0646389,zh
fr_0165509,product_fr_0000203,home,2,La couleur attendu n’est pas au rendez-vous 😟,Mauvaise qualité de couleur,2026-06-01,reviewer_fr_0140287,fr
zh_0076052,product_zh_0349326,watch,4,表外观还可以，商品信息有误，表带不是18的，很可恶，很可恶，很可恶，走时也不是很准,伐开心,2026-06-01,reviewer_zh_0604825,zh
ja_0404233,product_ja_0927949,home,3,空気を入れるときはスムーズに入ったのですが、空気を出すと時は、なかなか全て出ずに元通りになおすことができません。 また、マットの中に水分が残り、取り出すことも出来ませんでした。,空気の排出について,2026-06-01,reviewer_ja_0609198,ja
es_0020906,product_es_0100421,home_improvement,4,Cumple para lo que la quiero. Hace buena espuma. Es una ayuda a la hora de lavar el coche. La única pega por ponerle alguna es que el bote es pequeño y hay que bombear bastante para coches grandes. Por lo demás genial.,Buena.,2026-06-01,reviewer_es_0329795,es
en_0422364,product_en_0407875,sports,1,"This product is a joke. Someone sewed two pieces of the soft strip of the velcro on the ends instead of a scratchy strip, hence it won't attach so the headband can be worn. Going back & not reordering. Someone was sleeping on the job because quality control sucks!",Be aware,2026-06-01,reviewer_en_0462371,en
fr_0489315,product_fr_0715820,wireless,1,Je suis très déçu par cet article et j'ai dû en acheter un autre. Très difficile d'appuyer sur les touches de mon S7 avec ce verre trempé. En plus il se tâche très rapidement et les poussières se collent tout autour de l'écran. Très déçu et pourtant c'est la 1ère fois sur Amazon et là je me pose des questions pour commander à nouveau !,Film verre trempé de très mauvaise qualité,2026-06-01,reviewer_fr_0488639,fr
zh_0690949,product_zh_0845601,sports,2,戴了两次就顺着指缝破了很大两个口，基本没法用了,戴了两次就顺着指缝破了很大两个口，基本没法用了,2026-06-01,reviewer_zh_0872614,zh
en_0051872,product_en_0407286,drugstore,2,"Had almost zero flavor to it. The vanilla MCT oil powder that they have is full of flavor, was hoping this one would be as well.",Lacks flavor,2026-06-01,reviewer_en_0601470,en
es_0600557,product_es_0373480,wireless,4,"Recibido puntualmente. De momento funciona a la perfección, unas cuatro horas al día sumergido o flotando. No le pongo 5* porque la perfección no existe, aunque de momento se acerca bastante.",EXCELENTE,2026-06-01,reviewer_es_0682524,es
zh_0696452,product_zh_0435558,book,5,红色范思哲灰色阿玛尼:跟大师学色彩搭配 同时购买了其他书籍,红色范思哲灰色阿玛尼:跟大师学色彩搭配,2026-06-01,reviewer_zh_0723461,zh
en_0593704,product_en_0431503,wireless,1,Touch screen is hard sometimes. I have to tap multiple times. It gets scratched easily and it won’t come off. Water easily gets in it,Doesn’t work,2026-06-01,reviewer_en_0035172,en
zh_0632297,product_zh_0097459,beauty,1,特别生气，在亚马逊上一共就买了两样东西都是过敏。这个我原来用过好好的，咋在你们这买的就不能用？也是服了，拿回来刚涂上的时候就有刺痛感，我还没当回事。结果第二天整张脸都过敏了。以为是用别的东西过敏，然后又实验了好几次，每次都过敏。也是醉醉的,过敏,2026-06-01,reviewer_zh_0944870,zh
zh_0790258,product_zh_0999740,book,4,书的纸质非常一般，还很薄.... 不是很满意,基本就是考研人必买书籍,2026-06-01,reviewer_zh_0651698,zh
de_0225623,product_de_0506677,furniture,4,"Erfüllt seinen Zweck, Aufbau geht gut! Sehr viel Stauraum und von der Qualität her super!",Lowboard,2026-06-01,reviewer_de_0267090,de
fr_0685659,product_fr_0479375,luggage,1,"Je ne recommande pas cet article. Les boucles de chaque côté ne sont pas bien formées. Quelques uns sont OK. Mais payés presque 9 euros pour cela, c est pas un bon prix.",N achetez pas. Article pas bien formé au niveau des boucles.,2026-06-01,reviewer_fr_0391641,fr
ja_0160621,product_ja_0758639,apparel,2,フリーサイズという事ですが、頭の大きい私にはかぶる事ができませんでした。,お店でかぶってから決めた方が良いと思います。,2026-06-01,reviewer_ja_0128915,ja
zh_0329143,product_zh_0934102,apparel,4,到货后拆开觉得有一点点脏不过是正品 是2011年的系列了。,不错就是有点旧,2026-06-01,reviewer_zh_0398109,zh
de_0250232,product_de_0588811,kitchen,4,"verchromtes, schweres Metallgitter. sollte sehr lage halten. PASST PERFEKT auf meinen neuen Krups KH 442 D Control Line Premium Toaster, der leider in Bezug auf den Brötchenaufsatz nicht besonders premium ist.",passt perfekt auf Krups KH 442 D Control Line Premium Toaster,2026-06-01,reviewer_de_0007628,de
zh_0432155,product_zh_0601040,pc,4,太难拆了 把我的kindle 都弄掉漆了,难拆,2026-06-01,reviewer_zh_0107799,zh
ja_0107963,product_ja_0076712,musical_instruments,4,コストパフォーマンスは高い。ただフレットのバリ取りが必要です。,コスパは最高！,2026-06-01,reviewer_ja_0585813,ja
ja_0948495,product_ja_0280028,pc,5,最近この手の商品は価格の割には、という商品が多いですけど、満足してます。,満足してます。,2026-06-01,reviewer_ja_0219728,ja
fr_0782037,product_fr_0926423,home,3,"Le citrouille/cannelle est devenu une de mes odeurs préférées, très chaud et nature. Le sapin de cèdre par contre, pour moi, sent un peu les toilettes publiques (odeur un peu chimique).. Pas fan","Citrouille/cannelle sent super bon, pas fan du sapin de cèdre",2026-06-01,reviewer_fr_0506098,fr
es_0686793,product_es_0926954,kitchen,5,Es mejor que otras que he tenido. Material de más calidad y funciona de maravilla.,funciona genial,2026-06-01,reviewer_es_0931125,es
en_0046525,product_en_0252010,toy,1,Received totally the wrong item. Ordered the FP Laugh & Learn Tap & Teach drum but received a Laugh & Learn microphone. Super bummed because I ordered it as a birthday gift...,This isn't a drum...,2026-06-01,reviewer_en_0950565,en
de_0304535,product_de_0882897,luggage,5,Schöne Kulturtasche und in stylischer Farbe. Viel Stauraum und gute Qualität.,Gutes Preis-Leistungsverhältnis,2026-06-01,reviewer_de_0621564,de
en_0100922,product_en_0147179,drugstore,1,Did not do a darn thing.,Doesn’t work.,2026-06-01,reviewer_en_0322184,en
ja_0483809,product_ja_0379238,pc,5,Mac miniのUSB-C端子を活用するのに使っています。表面は金属的な仕上げになっており，非常にコンパクトなので隣の端子と干渉しません。どうしても背面に長く飛び出てしまうので，後ろのスペースは広めにとっておく必要があります。２個セットでこの価格なら十分満足です。特に不満はありません。,メタリックでスリム,2026-06-01,reviewer_ja_0943713,ja
de_0271113,product_de_0422068,toy,1,"Der Artikel war ein Geschenk für einen guten Freund. Leider hat sich herausgestellt, dass die Palme die Luft nicht hält. Fand ich selbst bei diesem niedrigen Preis sehr sehr schade.",Hält die Luft nicht.,2026-06-01,reviewer_de_0610703,de
zh_0794308,product_zh_0807618,grocery,1,亚马逊发来2个月就要过期的商品，还不肯换！说是只要不是在1个月内的食品，都不能换。网页当时售卖的时候，也没有任何说明！要到消协投诉亚马逊这种行径！,亚马逊发来2个月就要过期的商品，还不肯换,2026-06-01,reviewer_zh_0669991,zh
zh_0462460,product_zh_0330389,wireless,3,到手后虽然包装完整，但是里面有很多灰尘和一根短头发 确实是未激活产品，激活后官方查看保修一年 应该是后包装的，屏幕与中框之间有块像是易碎纸的渣滓 我就说还可以，就没退货了。 亚马逊客服承诺开封未激活也是可以退货的，这点不错,到手后虽然包装完整，但是里面有很多灰尘和一根短头发,2026-06-01,reviewer_zh_0545697,zh
zh_0164537,product_zh_0205512,musical_instruments,1,收到是个二手的，包装早被拆开过了，话筒上也有划痕，日本运过来的也不知道怎么退，以后不会再消费了,差评，收到二手话筒,2026-06-01,reviewer_zh_0908314,zh
de_0109529,product_de_0524929,home,5,"Ich hatte mein Haus nur zwei Wochen zuvor verlegt. Ich war auf der Suche nach einem Kleiderständer und ich glaube, ich habe einen perfekten gefunden. Es ist komplett aus Metall gefertigt, daher sehr stark und hat mehr Kleidung aufgenommen. Dieser Ständer ist sehr sicher, da es keine scharfen Ecken oder Kanten gibt. Es lässt sich leicht an jeden beliebigen Ort verschieben, da es leichter ist. Dieser Kleiderständer kann in sehr kurzer Zeit einfach installiert werden. Es wurde in eine einfache und mittelgroße Schachtel verpackt, die leicht zu verpacken und bei einem Umzug in ein neues Haus mitzunehmen ist. Ich bin wirklich glücklich mit diesem Produkt für das ganze Geld, das ich bezahlt habe.",Ein robuster Kleiderständer,2026-06-01,reviewer_de_0661943,de
ja_0026282,product_ja_0664022,other,5,新しくKindleを購入したのでそのカバーが欲しいなと思って購入しました。 種類がとても多くどれにしようか迷いましたが、最終的に柄物よりもシンプルで耐久性が良さそうなものを選びました。 安すぎず高すぎずで薄型なのもとても魅力的でした。 実際に届いて見て、金額相応で個人的にはとても気に入っています。,凄く迷ったけどよかった！,2026-06-01,reviewer_ja_0432312,ja
en_0255537,product_en_0519980,automotive,3,"I give this a 3 star because the price is phenomenal, but, the rear back has no support and is beyond flimsy. I installed all of them on my 09 Kawasaki custom and ultimately removed the rear bag, the fork bag, and the windshield bag so the price I paid to have the remaining ones is still a very good bargain.",You get what you pay for,2026-06-01,reviewer_en_0286637,en
es_0005172,product_es_0800346,home,5,"Buen regalo para el día del padre, muy original. Envío rápido y llegó antes de lo esperado (el tiempo estimado de Amazon daba para semanas, pero resultó ser una falsa alarma).",Genial para regalo,2026-06-01,reviewer_es_0013137,es
fr_0268895,product_fr_0777865,grocery,3,"tout est bien decris , les produits sont conformes a la descrition. seul le transport est moyen car la boite est plate et les mms sont un peu ecrasé",bien Mais,2026-06-01,reviewer_fr_0826380,fr
de_0471801,product_de_0952767,wireless,2,"Verpackung Top, Zubehör für die Verklebung ist auch Vorhanden. Leider ist die Passform schlecht, am linken und rechten Rand legt sich das Glas auf 2-3mm nicht an das Smartphone an. Nach längeren Gebrauch setzt sich Schmutz unter dem Rand fest. Sieht natürlich schön aus.",Passform,2026-06-01,reviewer_de_0813872,de
en_0573117,product_en_0073513,wireless,4,Works well. Nice color. Don't use it as much as I thought I would.,Don't use much,2026-06-01,reviewer_en_0783692,en
es_0437729,product_es_0219205,automotive,5,"Buena compra. Los ventiladores tienen 2 potencias y hay que tener en cuenta que hacen un poco de ruido, pero te mantienen la consola ventilada aún en días de mucho calor. Recomendable!",Cumple,2026-06-01,reviewer_es_0589690,es
fr_0690284,product_fr_0404726,home,2,"Petit mug, arrivé en retard et cassé. Trop cher pour le prix",Mug petite contenance,2026-06-01,reviewer_fr_0127204,fr
en_0454052,product_en_0911643,pc,1,The length was perfect but only worked well for about 2 weeks. A complete waste of money.,One Star,2026-06-01,reviewer_en_0587519,en
zh_0855333,product_zh_0002377,electronics,5,"和图片一样 非常喜欢,手感很好，是正品的",手感很好,2026-06-01,reviewer_zh_0345114,zh
fr_0509788,product_fr_0644997,pet_products,3,"Pas encore de résultat après 4 semaines, j’espère toujours voir une amélioration",En attente de résultats significatifs,2026-06-01,reviewer_fr_0809037,fr
de_0836820,product_de_0688801,automotive,5,"Die Leuchtmittel waren schnell geliefert und überzeugen durch ein sehr gutes Licht und eine sehr angenehme Lichtfarbe. Wie lange sie halten kann ich noch nicht sagen, aber von der Lichtausbeute her bin ich sehr zufrieden.",Passt,2026-06-01,reviewer_de_0585692,de
zh_0975424,product_zh_0161362,book,2,买时太匆忙，没看清，竟然买了翻译版。看这种东西的人，肯定懂英文，谁需要译文？,没看清是翻译版，买错了,2026-06-01,reviewer_zh_0960195,zh
es_0327350,product_es_0015765,book,2,Mi hijo de 7 años que es un gran lector lo empezó a leer pero lo dejo enseguida. Dijo que le daba miedo y no quiso continuar. Sé lo regalamos a un amigo de la misma edad y le pasó lo mismo. Creo que es para niños algo más mayores.,para más mayores de 7 años,2026-06-01,reviewer_es_0646207,es
ja_0362527,product_ja_0893501,automotive,1,3ポートあっても、iPhoneXSとiPadminiを同時に接続するとどちらも充電することができません ほんとうに3.1Aの充電能力があるとは思えません,充電機能が低すぎる,2026-06-01,reviewer_ja_0558177,ja
zh_0072810,product_zh_0042135,book,5,还可以，作业很励志。正在阅读。感觉非常激励我。,还可以，作业很励志。正在阅读。感觉非常激励我。,2026-06-01,reviewer_zh_0479764,zh
ja_0412372,product_ja_0533944,baby_product,2,パッドが分厚いので、暑い。またその分、胸が大きく見えてしまう。吸収率とかは良いんだけどね！,分厚いけど、暑い！,2026-06-01,reviewer_ja_0600877,ja
ja_0197108,product_ja_0989186,automotive,3,こちらのセンサーは7berまで測れるとの事で、キャンピングカーにも適しているかと購入。 がしかし、付属の電池交換用のレンチでは電池交換が出来ない様な…涙,空気圧の高いキャンピングカー用に‼︎,2026-06-01,reviewer_ja_0916616,ja
es_0097809,product_es_0354386,pc,5,"Buen complemento para la PS4 realiza a la perfección su función de enfriamiento, además de carga de los joystick y disponer de puertos USB para la carga de otros periférico.",Util,2026-06-01,reviewer_es_0905131,es
en_0245646,product_en_0032808,drugstore,5,"This is a good brand, I've used it for years. Usually I get it from Costco, but I ordered it this time with some other products from Amazon. Smaller tablets, easy to swallow.",Good High Potency Product,2026-06-01,reviewer_en_0331585,en
ja_0681220,product_ja_0014943,shoes,4,外側は革質、ジップ共に価格以上のクオリティ。 中のジャバラ状のカード入れの質がもっと高かったらなぁ～と思いますが 値段考えたら望み過ぎかな(笑) 普通に店舗で探したら、本革でこのクオリティーでこの価格は ほぼ無いのではないかと思います。,欲を言えばキリがないが…,2026-06-01,reviewer_ja_0088176,ja
fr_0949785,product_fr_0058381,wireless,5,"Solide ,de bon qualité prix Pas déçue et rapide en livraison",Protège téléphone,2026-06-01,reviewer_fr_0694172,fr
de_0874127,product_de_0185527,lawn_and_garden,1,Nach einem Jahr ist der Kunststoff dort wo er von der Sonne getroffen wurde spröde und brüchig geworden.,Nicht UV beständig,2026-06-01,reviewer_de_0786109,de
zh_0295489,product_zh_0054257,book,5,小时候，就有人就某一现象，大谈基因的作用。。。。。。直到看了书，知道自私的力量， 我们得理性，才能克服本能，取得卓越。,提高认知的一步,2026-06-01,reviewer_zh_0494512,zh
fr_0183312,product_fr_0480742,sports,5,Utilisé pour les vacances le camping. Très efficace même si la texture micro fibre n’est pas aussi agréable s’un coton classique. Très absorbant et sèche extrêmement rapidement.,Efficace,2026-06-01,reviewer_fr_0737261,fr
es_0624555,product_es_0672394,beauty,3,Esta bien para practicar. El único inconveniente es cuando limpias se queda manchado de tinte.,Se puede usar para prácticas de cejas,2026-06-01,reviewer_es_0457969,es
en_0376459,product_en_0918817,electronics,5,Great sound. Good bass. Perfect to use by the pool.,Can't beat the price,2026-06-01,reviewer_en_0564411,en
de_0049073,product_de_0693853,pet_products,5,"Gefällt sehr gut, optimal für meinen Gebrauch",Toller Artikel,2026-06-01,reviewer_de_0311475,de
en_0349292,product_en_0955492,book,3,There are several chapters missing in this book. It goes from page 88 to 122. See photo above. Will return it but want to make sure the new book is complete.,Missing chapters!,2026-06-01,reviewer_en_0128037,en
fr_0964391,product_fr_0711990,electronics,5,"Après plusieurs mois d'utilisation, je suis très satisfaite de cet achat. Qualité du son tout à fait correcte, sans être exceptionnelle. Les coussins sont très confortables pour les oreilles (même en ayant plusieurs boucles d'oreilles). Autre plus, le câble qui a une gaine tissée, ce qui le rend très souple et il n'a donc pour l'instant subit aucun dommage.",Bonne qualité,2026-06-01,reviewer_fr_0725260,fr
de_0916875,product_de_0532843,pc,1,"2 Sticks bestellt, einer zwar funktionsfähig, aber sehr langsam und musste erstmal formatiert werden. Vorher war das Schreiben auf den Stick nicht möglich. Der zweite leider gar nicht nutzbar, es kommt sofort die Fehlermeldung ""Auf .. kann nicht zugegriffen werden. Die Datei oder das Verzeichnis ist beschädigt und nicht lesbar"". Knapp über der Rücksendefrist ubd somit verlorenes Geld. Sehr ärgerlich!! Bin eigentlich Stick-Dauerbesteller, aber da bleibe ich wohl bei den konventionellen Sticks. Sehr schade, denn die Optik ist gut.",50% unbrauchbar,2026-06-01,reviewer_de_0645639,de
fr_0448830,product_fr_0343319,kitchen,5,Produit conforme à la description et au photos Cafetière d’une tres grande qualité très bonne marque produit vmt pratique et design je la recommande,Cafetière bosch,2026-06-01,reviewer_fr_0652027,fr
es_0341528,product_es_0112013,automotive,1,Mejor gastate un poco mas de dinero y compra algo q valga la pena,Malo bonito barato,2026-06-01,reviewer_es_0804204,es
ja_0281448,product_ja_0587188,pc,5,仕事でどうしてもCDやDVDを見なければならないときに必要です。最近のパソコンはとにかくコンパクトになっているので、外付けは必須ですね。いろいろな商品を見て評判がいいこの商品を注文しました。商品が早く到着しました。早速試してみました。再生速度も画質も想像よりもよかったです。,大人気になる,2026-06-01,reviewer_ja_0792068,ja
zh_0903841,product_zh_0464050,book,5,书腰上明白写着赠送电影海报，但是海报呢？不会就是书腰上的两个图吧？,传说中的海报呢？,2026-06-01,reviewer_zh_0755061,zh
en_0439751,product_en_0009810,digital_ebook_purchase,4,Great characters and action. Events plausible and heartwarming. The story moved along. I finished the book in a few hours,Romantic action story,2026-06-01,reviewer_en_0265886,en
de_0969604,product_de_0905980,industrial_supplies,1,Gespart am falsche Ende Lieber etwas mehr bezahlen und bessere Ware kaufen Billgste Asienware,Armband,2026-06-01,reviewer_de_0723576,de
de_0337136,product_de_0624240,home,2,"Optisch ist die Uhr ein absoluter Hingucker und mit etwas Geschick auch super einfach anzubringen. Allerdings läuft sie nicht. Zumindest meine, auch nach mehreren Batterienwechsel, funktioniert nicht.",Geht,2026-06-01,reviewer_de_0698697,de
ja_0170722,product_ja_0864578,sports,4,マック堺氏のレビュー動画を見て購入しました。同等品に比べ安価でクオリティは高いと思います。下手なレプリカを買うよりコストパフォーマンスは高いといっても中華クオリティなので箱出しでは微調整が必要でした。可倒式のワンタッチレバーが、レールによっては異常に固かったりしたのですが、写真のようにテンションの掛かったレールに保持する部分を指で押さえるとナットが飛び出すのでこれを動かすことで締め付け具合を調整出来ます。指で簡単に回るくらいなので頻繁に付け替えをしないのであればネジロックで固定した方が良さそうです。,物は良いがレール幅に合わせた微調整が必要,2026-06-01,reviewer_ja_0168516,ja
de_0264862,product_de_0274181,baby_product,1,Bereits nach der ersten Wäsche sind nur noch Klumpen im Kissen. Absolut nicht zu empfehlen. Zur Decke kann ich noch nichts sagen; wir haben sie nicht regelmäßig in Gebrauch.,Nur noch Klumpen...,2026-06-01,reviewer_de_0240573,de
ja_0882763,product_ja_0125600,shoes,3,デザインが良く、色のバリエーションが多くてよかったのですが、使ってみると物の出し入れはちょっと面倒臭いです。,デザインはいい。,2026-06-01,reviewer_ja_0154679,ja
fr_0013953,product_fr_0272524,home,3,J'en ai acheté deux : pour sel et pour le poivre. Produit estetique sans plus. Je conseille pour un simple utilisation. Je l'ai depuis 1 ans et marche sans problemes.,Bon produit,2026-06-01,reviewer_fr_0083037,fr
es_0192008,product_es_0283135,wireless,4,Es pequeño y sencillo pero suficiente para reproducir música o llamadas.,Sencillo y eficiente,2026-06-01,reviewer_es_0713855,es
de_0461600,product_de_0398993,office_product,3,Selbstverständlich ist das Preis Leistungsverhältnis voll in Ordnung. Ich hätte mir das Papier aber etwas dicker und fester gewünscht. Erfüllt aber voll was es soll,Nicht wie auf den Bildern,2026-06-01,reviewer_de_0243516,de
en_0531059,product_en_0792014,drugstore,4,I needed a small seat to sit on when I do my hair and do my makeup. I can just tuck this chair in the corner and it is out of the way. It is exactly what I needed. I don't know if we put it together correctly or not. The top swiveling part is very loose but it doesn't stop the performance of the chair. I do like the small size.,Small chair,2026-06-01,reviewer_en_0859731,en
en_0975395,product_en_0576837,apparel,4,very nice socks but few pairs are not that great,Four Stars,2026-06-01,reviewer_en_0493763,en
en_0993819,product_en_0167053,toy,1,Poor condition of the box wasn't even wrapped.,One Star,2026-06-01,reviewer_en_0721048,en
en_0668571,product_en_0657404,pet_products,1,"Neither of my birds are the least bit interested in this toy, not once have they paid any attention to it.",Not popular with my flock,2026-06-01,reviewer_en_0417071,en
es_0133554,product_es_0488760,office_product,1,Otra vez igual! Volví a pedir el artículo ya que el primero que pedí no encendía y al volverlo a pedir viene la pantalla rota ! No comprar !!!!!,No comprar!!,2026-06-01,reviewer_es_0821418,es
de_0691410,product_de_0572922,toy,3,Naja. Recht niedlich. Aber klein und finde den Preis nicht Wert. Flügeln stehen nicht so schön. Hängen.,Naja,2026-06-01,reviewer_de_0178615,de
fr_0912954,product_fr_0829668,toy,5,"Super jeux...il est devenu notre compagnon des apéros d'été. Entre adultes ou avec les enfants, on se prend vite au jeux!!!",Super jeux,2026-06-01,reviewer_fr_0655826,fr
ja_0836290,product_ja_0588873,jewelry,2,これが欲しいと言われ買いました。ですが、チェーンがすぐにダメになりました。それ以降つけてもらえてません。,微妙。,2026-06-01,reviewer_ja_0246065,ja
fr_0589606,product_fr_0402185,camera,4,"Je rentre de vacance, le produit à été utiliser en piscine, en eau douce et en eau de mer. C’est un bon produit. Il faut savoir qu’il n’est pas étanche (en tous cas pas le mien). Je suis quand même satisfait du produit mais je sais que je doit être attentif à une éventuelle goutte d’eau qui viendrait se glisser sur l’objectif. Utiliser avec une gopro 2018.",Bon rapport qualité prix!,2026-06-01,reviewer_fr_0238619,fr
zh_0517940,product_zh_0671261,beauty,5,能买到这么好的马油也是赚了，用着还是可以的。,马油霜。,2026-06-01,reviewer_zh_0234829,zh
fr_0848911,product_fr_0344947,home_improvement,4,Bon rapport qualité/prix. Mise en place simple et rapide,Bon produit,2026-06-01,reviewer_fr_0718977,fr
zh_0484769,product_zh_0227747,wireless,1,难道是我运气差？为啥拿来基本孔位都对不齐呢，材料还凑合，形状真的太差了，还不如1.9块包邮的对得好，也懒得退了，29真的是太贵了，完全不值！买的人慎重,重要提示,2026-06-01,reviewer_zh_0918490,zh
ja_0315399,product_ja_0962502,camera,5,商品自体はとても軽く携帯するのにとても便利です。ちょっと外に写真を撮りに行くといった場合にも持ち出せそうです。,非常に使いやすいでした、ありがとうございます！！,2026-06-01,reviewer_ja_0498735,ja
es_0341183,product_es_0251784,home,1,Tardo demasiado no debería de ser así deben de tener cuidado con el tiempo de recepción de lo productos ok,Bien,2026-06-01,reviewer_es_0556758,es
es_0502665,product_es_0804356,furniture,3,El colchón está bien por el precio... Después de tres semanas de uso ya se ha deformado algo y mi hueco de la cama está ya definido...,Solución barata.,2026-06-01,reviewer_es_0814736,es
de_0641003,product_de_0007094,home,4,"Ich bin zufrieden, und ausreichend fuer meine Bedarfs.",Gute Preis leistung,2026-06-01,reviewer_de_0320578,de
es_0223431,product_es_0403322,sports,2,"Primero, a los tres usos empezó a perder agua por el cierre de la pajita. Después la tapa entre la zona negra y naranja se despegó totalmente. Ha durado una semana",Nos ha durado una semana,2026-06-01,reviewer_es_0785767,es
zh_0525391,product_zh_0509655,book,2,看商品广告是有光盘的，但我收到的书却没有光盘，不知是咋回事。另外要求开的纸质发票也没开，商品清单也没附上。。。 尴尬😓 自己误点成电子发票了，补加星级致歉!但依然没光盘。。。,没光盘，没发票，没清单,2026-06-01,reviewer_zh_0243586,zh
en_0826595,product_en_0019384,wireless,4,securely mounts iphone on tripod. recommended,works for me,2026-06-01,reviewer_en_0409862,en
ja_0840720,product_ja_0551028,apparel,3,ふんわりした感触と暖かさがあるので、ふんわり感を重視するとこの暖かさでいいのかなと思いました。大きさは十分なので、嬉しいサイズです。軽くかけるショールだと物足りなさを感じます。また端の処理は綺麗にされているのですが、デザイン性があるともっと良かったと思いました。,軽く暖かい,2026-06-01,reviewer_ja_0469828,ja
fr_0570654,product_fr_0796627,beauty,4,"Rouge à lèvres hydratant, s'étale bien sur les lèvres et y reste assez longtemps. Jolie couleur rouge un peu or. Fait une jolie bouche. Je recommande ce produit",Rouge à lèvres rouge et or,2026-06-01,reviewer_fr_0185564,fr
fr_0905147,product_fr_0731890,toy,4,"j'ai offert ce jeu pour le noël de ma fille, elle l'adore. Nous avons déjà fait de belles parties en famille c'est vraiment rigolo de devoir se cacher pour ne pas être repéré par le zombi",jeu de société très rigolo,2026-06-01,reviewer_fr_0660382,fr
ja_0064249,product_ja_0851714,pc,5,タイプC対応のインターフェースの中ではかなり多機能ではないでしょか。 Macbookだけではなく、galaxy S9もこのハブの４ｋ対応のHDMI機能を利用して、大画面で観る楽しみを体験できています。 充電など、その他の接続でポートに制限がある方におオススメです。,多機能,2026-06-01,reviewer_ja_0699157,ja
es_0172124,product_es_0270556,sports,2,"Es divertido, aunque se podria mejorar un monton Posicion de brazos, sistema de amortiguacion y las correas de velcro son lo peor.",I don't like!,2026-06-01,reviewer_es_0985618,es
fr_0235187,product_fr_0009812,camera,4,"a la recherche d'une caméra sportive , j'ai trouvé celle ci de bonne qualité surtout que je l'utilise en sorties quad, je viens de la recommander à un amis qui a passé commande après l'avoir vue .",Caméra sportive,2026-06-01,reviewer_fr_0824333,fr
ja_0961052,product_ja_0264238,watch,2,huawei watch 2での使用 コマ調整用の器具が付いており調整もなんなく行えました。 しかし、留め具が緩すぎて使い物になりません。 デスクワーク程度であれば取れることはありませんが、荷物を持った時やちょっと動きの大きい動作をすると不意に外れることがよくあります。 何より一番困るのが自転車での使用です。ちょっとした段差ですぐ留め具が外れてしまい本当に使い物になりません！ ハズレを引いたのかもしれませんがとても残念です。,留め具が緩すぎる！自転車での使用は不可,2026-06-01,reviewer_ja_0840087,ja
en_0513674,product_en_0584697,automotive,3,"The wiper package says it is a Motorcraft part, and while it does fit my 2010 F150, it appears to very cheaply made. Everything is plastic and does not fit at the same level on the windshield as the original. The OEM blades I replaced have multiple metal supports and springs and are much more substantial. I needed to replace my 7 year old OEM blades, so I installed them, but would have preferred blades constructed from metal like the original equipment blades.","Blades work and fit, but all plastic",2026-06-01,reviewer_en_0943110,en
ja_0357539,product_ja_0505263,home,1,薄く、クッション性も乏しく底つく感じで、卵を置くものなら一発で割れるだろう。コピー製品と云うものはこの程度ある。,粗悪品,2026-06-01,reviewer_ja_0450524,ja
de_0268291,product_de_0681179,home,4,"Produkt wie beschrieben, was soll man dazu groß sagen, haben es für eine Sparkasse bestellt, bei der der Verschluss defekt war und aus Plastik, Lochgrößen Angaben beachtet und passt wunderbar",Gut,2026-06-01,reviewer_de_0158390,de
en_0714275,product_en_0900589,pc,4,"I bought this to use as an AI-Mesh access point and while it does work well 98% of the time, there are definitely still hiccups in the system. (The device will go offline once in a while, directing all network traffic to my main router or just cutting it off entirely)I am hopeful that eventually everything will be ironed-out, as ASUS regularly pushes out firmware updates for all of these devices.",A Solid AI Mesh Router,2026-06-01,reviewer_en_0065270,en
zh_0297013,product_zh_0778227,book,5,老师推荐的书籍，知识很基础，方法很实用，有志于在研究领域大展拳脚的同学不妨看看,很好的研究入门书,2026-06-01,reviewer_zh_0428618,zh
zh_0628222,product_zh_0791963,digital_ebook_purchase,3,感觉一般吧，时效性不强。 实用性还是可以的,还可以,2026-06-01,reviewer_zh_0564943,zh
zh_0942657,product_zh_0999571,book,5,快递有些慢，但是书真心喜欢。本以为是讲道理的那种书，其实是随笔吧,特别喜欢,2026-06-01,reviewer_zh_0261722,zh
fr_0293883,product_fr_0857664,home,3,"Le titre ne correspond pas à la livraison, le tube LED est correct mais le câble fourni n'est pas un câble d'alimentation mais un câble de liaison entre les tubes LED. Donc impossible de le brancher si vous ne commandez pas en plus un câble d'alimentation.",descriptif à revoir,2026-06-01,reviewer_fr_0256915,fr
ja_0644452,product_ja_0086019,pc,1,DOCOMOのSO-02ではテレビとつなぐことはできなかった…,接続出来ず,2026-06-01,reviewer_ja_0892077,ja
zh_0776531,product_zh_0028196,home_improvement,1,自己装完发现好多问题，喷水很弱，喷水强弱按键不起作用，人体传感也不起作用。,自己装完发现好多问题,2026-06-01,reviewer_zh_0411824,zh
de_0513335,product_de_0507191,home,4,Vom Prinzip her gut aber beim ersten Mal innerer Haltehaken abgebrochen,Handhabung gut,2026-06-01,reviewer_de_0467932,de
zh_0126402,product_zh_0652399,kitchen,5,材质做工都挺好的，重要的是效果好，吹着舒服，跟自然风一样,材质做工很好,2026-06-01,reviewer_zh_0431629,zh
fr_0085379,product_fr_0425192,shoes,4,Envoi rapide. Chaussures de qualité comme prévu et taille comme prévu aussi,Très bien,2026-06-01,reviewer_fr_0311863,fr
ja_0216697,product_ja_0175659,pet_products,4,到着に少し時間がかかったがすごく安く買えたので良しとする。製品も性能は満足しており何ら問題のないものでした。,安い,2026-06-01,reviewer_ja_0802301,ja
en_0174877,product_en_0339041,beauty,2,The gems kept fall off my nails. I did better with nail glue.,I did better with nail glue,2026-06-01,reviewer_en_0921411,en
en_0684968,product_en_0000177,home,3,"Good price, but won’t be able to use until winter as I get overheated with this mattress pad.",May be good for cold weather.,2026-06-01,reviewer_en_0134680,en
es_0289036,product_es_0540439,lawn_and_garden,2,Con menos de un año de uso dejó de funcionar,Fiasco,2026-06-01,reviewer_es_0304374,es
es_0165225,product_es_0697475,pc,1,Buena relación calidad-precio en cuanto a funcionalidad pero no ha durado ni 6 meses. No carga y creo que se debe a la mala calidad de la clavija del cargador de la propia tablet. Me he puesto en contacto con el vendedor y pese a estar en garantía sólo me ofrecen un cargador o devolverme 7 euros.,Muy frágil. Duración 6 meses,2026-06-01,reviewer_es_0026788,es
fr_0474042,product_fr_0218780,apparel,1,Je fais un 52 est la taille 8 je ne la rentre même pas au niveau des cuisses je suis decue,Très mal tailler,2026-06-01,reviewer_fr_0585896,fr
de_0656715,product_de_0543298,apparel,5,gute Passform und Optik,gute Passform,2026-06-01,reviewer_de_0987508,de
fr_0529732,product_fr_0355541,home,4,"Un rendu très jolie, luminosité peut-être pas aussi puissante que je le pensais .",Jolie couleur,2026-06-01,reviewer_fr_0013556,fr
zh_0829076,product_zh_0104726,office_product,1,时间稍长后，墨管塑料变形、变长、膨胀，致无法套上外管。另，笔尖粗细也不统一。出水较艰涩。,怀疑不是日本货,2026-06-01,reviewer_zh_0633678,zh
fr_0169609,product_fr_0044341,wireless,5,"Chargeur très bien pour son prix aucun problème avec, en plus il fait data(Reliez le téléphone à l'ordinateur à l'aide du câble destiné à la transmission des données). Dans le pack il y en a 3 très utile , sur le cable il y a du fils tresser qui le rend plus solide . Donc au top je recommande .",pas cher et charge bien,2026-06-01,reviewer_fr_0032139,fr
en_0480259,product_en_0491756,wireless,1,Broke as I was trying to readjust,Cheaply made,2026-06-01,reviewer_en_0899394,en
en_0529016,product_en_0220413,baby_product,4,"I love the click connect system. This car seat is lightweight, which is perfect as I recover from a c-section. I originally chose this because I knew it would fit into my stroller, but I haven’t used them together yet. Pros: lightweight, stylish black and grey, compatible with click connect, not too bulky, cute bonnet, easy to install, secure. Cons: Not much padding for infant (although my two month old sleeps soundly in it), and only good for small babies anyway which means it won’t last very long.",Good solid pick for a basic infant seat,2026-06-01,reviewer_en_0968975,en
en_0150012,product_en_0247239,beauty,2,Hard to use. I wouldn't buy again,Two Stars,2026-06-01,reviewer_en_0379584,en
es_0412312,product_es_0007540,home,2,Me gustó mucho hasta que regalé uno y me dijeron que por la parte de abajo se sale las mijillas de las nueces y es cierto le falta eso que no manche nada,Regular,2026-06-01,reviewer_es_0542766,es
ja_0291945,product_ja_0562166,home,3,丁寧な刺繍が施され美しい品ですが、画面で見るより生地が薄く、透け感は大きいです。 トイレのオープン棚の目隠しには、トイレットペーパーなどが透けて見えてしまい残念でした。,予想以上の透け感でした。,2026-06-01,reviewer_ja_0081488,ja
fr_0190477,product_fr_0183017,wireless,1,Je m attendais à avoir l etui original,Variante de l etui original,2026-06-01,reviewer_fr_0319037,fr
es_0341944,product_es_0327303,electronics,1,Fatal. No funcionan los botones de subir y bajar volumen ni pasar canción. Cuesta mucho encenderse y conectarse. Pero el fabricante me ha abonado el dinero. No voy a volver a cogerlos por si van otra ve mal.,Malos,2026-06-01,reviewer_es_0272626,es
de_0519706,product_de_0885825,home_improvement,2,"Ich habe diese Schlaufen zur Befestigung der Abdeckplane für meinen Pavillion gekauft. Der Preis war recht hoch und in der Praxis bin ich mit der Handhabung unzufrieden. Sie Schlaufen sind steif und unflexibel, lassen sich nur schwer spannen und oft ziehen sie sich wieder zurück. Ich habe bessere Alternativen gefunden. Wenn man zwei Schlaufen miteinander verbindet, also eine Schlaufe durch die andere zieht, kann man sie manchmal einsetzen.","Starke Gummischlaufen, sehr unflexibel und schwer handhabbar",2026-06-01,reviewer_de_0664455,de
ja_0125146,product_ja_0067006,office_product,3,普通のシュレッダーよりも、量がかさばらずに済みました。カードは、何回か詰まったけど、細断できました。,すぐに一杯になるけど,2026-06-01,reviewer_ja_0801591,ja
fr_0269834,product_fr_0759340,home,2,"Sur les 3 ampoules commandées, 2 sont arrivées cassées et ce malgré l'emballage (voir photos) carton + plastique + papier bulles... Ces ampoules me paraissent donc particulièrement fragiles.",Ampoules fragiles,2026-06-01,reviewer_fr_0043125,fr
en_0722751,product_en_0583458,wireless,3,Water tight but does not work for taking photos underwater so if you are planning to go snorkeling you might be disappointed. You can use it to record a video underwater though and the image comes out quite clear.,... you are planning to go snorkeling you might be disappointed. You can use it to record a video ...,2026-06-01,reviewer_en_0169180,en
es_0473169,product_es_0119635,other,5,"Buen tamaño y sin arena, muy buenos Lo recomiendo","Muy buenos, 100x100 recomendado",2026-06-01,reviewer_es_0319194,es
ja_0542919,product_ja_0328620,sports,4,とても画面が大きいので見やすく走行中でも確認がすごくしやすいですが、GPSなのでどうしても精度が悪い時があります。ケイデンスの不具合が1番多く、200というすごい数値がでますが、レースに出ない程度であれば全く問題ないと思います。 全体的には使い勝手はいいと思うのでおすすめ出来ます!!,全体的な使い勝手はいい！,2026-06-01,reviewer_ja_0727485,ja
en_0229358,product_en_0616351,camera,5,"I bought this for my elderly parents, they have a large house and wanted a security camera so they could tell when someone came to the front door by their porch. It's easy to conceal and provides a great picture in daytime. I used the app to set up the motion sensor for them so they know when someone arrives. If you add an SD card, you can loop the video, too. When it arrived, i was a little intimidated by all the parts, but set-up was easy.",Great security camera,2026-06-01,reviewer_en_0968128,en
de_0123305,product_de_0713036,lawn_and_garden,5,Sieht immer noch genau so aus wie ab Kaufdatum und funktioniert auch noch genau so gut. Top Produkt,Gute Qualität für den Preis,2026-06-01,reviewer_de_0772807,de
fr_0904731,product_fr_0418314,drugstore,5,la cup me faisait un peu peur mais je ne regrette pas d'avoir sauté le pas ! pas du tout difficle à mettre si on est à l'aise avec son corps.et surtout bien plus ecolo et moins irritant que les tampons !,stop aux tampons !!,2026-06-01,reviewer_fr_0665450,fr
zh_0999514,product_zh_0270322,pc,1,这东西真心的差，在亚马逊上买过很多次东西，没见过这么差的，才刚用了一个多月，后盖的塑料就裂了，而且还卖这么贵，再也不买这个牌子的东西了。,东西太差了，还卖这么贵,2026-06-01,reviewer_zh_0857427,zh
en_0130450,product_en_0051133,jewelry,4,These are super cute and actually don't bother my sensitive ears at all. I love that you can remove the lotus backing and just wear the bar studs alone for a more simple look. My only gripe is that the lotus shape is not symmetrical and that each piece is identical. I would have preferred if each piece was a mirror image of the other to create a more symmetrical look while wearing the pair. They look slightly lopsided on my small earlobes because the variation in the leaf sizes is noticeable. It would be great if both the front and back of the lotus were smooth versus the back being textured so that they were interchangeable.,"Really cute! OK for my sensitive ears, too.",2026-06-01,reviewer_en_0429776,en
ja_0963148,product_ja_0373414,beauty,3,全面についているヤスリ部分の削る力は半端無いです。 仕上げ磨きは無いと理解して買えば後悔しない物です。,削る力は半端無いッス,2026-06-01,reviewer_ja_0203454,ja
es_0351571,product_es_0204621,office_product,4,A mi me funciona genial para lo que los uso. casi no noto la diferencia con los originales,calidad/ precio,2026-06-01,reviewer_es_0883338,es
fr_0483153,product_fr_0781388,home,4,"Tapis : OK (monter la hauteur) Carrelage : OK Parquet : OK Parquet stratifié : bof, repasser plusieurs fois Grandes surfaces : bien Moyenne surfaces : très bien Petites surfaces : pas pratique Coins : bof, ne remplace pas l'aspirateur",Très bon produit d'appoint en complément d'un aspirateur,2026-06-01,reviewer_fr_0862632,fr
fr_0702010,product_fr_0101476,personal_care_appliances,4,Trés bon produit. Solide. Facile d’entretien. Très stable. Hauteur parfaite pour moi et mes problèmes de genoux. Facilement mis en place. Je recommande vivement ce produit.,Un réhausseur parfait !,2026-06-01,reviewer_fr_0266260,fr
ja_0296720,product_ja_0275850,kitchen,5,このクリーナーのデザインがもともと気に入ったので、大好きだ｡機能も良く、買って正解と思う。,デザインがいい。,2026-06-01,reviewer_ja_0592659,ja
ja_0823361,product_ja_0744537,camera,2,ボタンが押しこみにくい点が本当にダメ 【初心者向け/握りやすい】でも押しにくいってどうなの？笑 感覚的にはワニワニパニックの歯みたいな感じ ちゃんと撮影したい方はやはり数千円で純正かロワの高いほう買いましょう,まぁとりあえず使う人用,2026-06-01,reviewer_ja_0426359,ja
es_0176069,product_es_0540035,pc,4,"Envio rapidisimo.lo pedi el viernes 29 y aunque se suponian entregarian el 4 de enero,lo tenia al dia siguiente. Cumple su funcion,pero esta hecho de plastico","Cumple con lo q promete,envio muy rapido",2026-06-01,reviewer_es_0245171,es
ja_0644089,product_ja_0406972,sports,5,自分の腹筋だけでは少し楽をしてしまうのと、値段も手頃なので試しに購入しました。 前にでようとすると腹筋けっこう力が入るのですが、もともと腹筋がないため思ったより前に進めませんでした。短い距離から少しずつ始めて数回すると腹筋が痛くなります。数回でも力が入るので少しずつ鍛えていけそうな気がします。飽きてしまわないか不安はあります。自分のペースで少しずつするだけでも維持は出来そうなので頑張ってしてみようと思います。,使いやすい,2026-06-01,reviewer_ja_0409335,ja
fr_0747801,product_fr_0099840,toy,4,Arrivé dans les temps embalage nikel 4 etoil pck ma fille ne la pas encore essayé,Bon produit,2026-06-01,reviewer_fr_0924004,fr
es_0927436,product_es_0414267,pc,5,Gran calidad y perfecto servicio de entrega,Perfecto,2026-06-01,reviewer_es_0067823,es
ja_0413576,product_ja_0908903,apparel,5,写真通りのクオリティで満足しております。,高品質,2026-06-01,reviewer_ja_0048975,ja
en_0407223,product_en_0000543,apparel,4,"this product is something that I've needed for awhile now! I had something similarly marketed several years ago, sans the light. However, the light is the killer feature on this purse insert. The many pockets is something else that is amazing! Lots of little places to stash things. I also love the fact that you can close it up if necessary. The ONLY con I can think of is that it is on the larger size of a purse insert, so please be aware that if you carry around a small purse, it probably will be too large to insert. For example, I have a smaller cross-over type purse that I carry around when I make a day trip with lots of walking etc. It is too large to fit into that particular bag, but it's a bare bones type of purse so that's okay. This insert makes switching purses at the last minute a dream!",Light is great!,2026-06-01,reviewer_en_0270290,en
de_0881450,product_de_0258201,toy,5,Sehr schön und stabil,Tolles Geschenk,2026-06-01,reviewer_de_0858074,de
fr_0338799,product_fr_0965867,pet_products,4,Reçu abimé donc bof mis le vendeur a fait marcher son sav donc merci,Joli,2026-06-01,reviewer_fr_0163067,fr
zh_0999402,product_zh_0450762,book,2,读《 三味中药治大病》给我以一种学习中医就像有神在助我们一样，药味虽少，但能治大病甚至疑难杂症，中医真神也，也更加给我学习中医的决心。,《 三味中药治大病》心得,2026-06-01,reviewer_zh_0994943,zh
de_0648597,product_de_0017582,apparel,5,Die Brille ist top verarbeitet und schaut sehr hochwertig aus. Genauso gut zum Sonnenbaden geeignet wie auch zum Beachvolleyball spielen. Auch beim Autofahren sehr angenehm. Lieferung verlief schnell und problemlos.,Hochwertige Brille für alle Lebenslagen,2026-06-01,reviewer_de_0451099,de
es_0818699,product_es_0029522,toy,3,"El juguete esta bien el problema fue que la caja del juguete estaba algo estropeada, parecía usada y era para un regalo. Así que la experiencia ha sido algo regular.",Caja estropeada,2026-06-01,reviewer_es_0057954,es
en_0143576,product_en_0030749,home,2,Was good until i found lots of mold and i washed and didn't help.,MOLD IN NO TIME,2026-06-01,reviewer_en_0930924,en
en_0789664,product_en_0568471,toy,5,This is the second quiet book we have from curios Columbus. The quality is excellent. I love how they zip closed to keep all the pieces inside. My children were so excited when it arrived and it makes the perfect car toy! I prefer soft toys in the car in case we are ever in a wreck then things in car become projectiles but these books are soft and super entertaining! Highly recommend this book and there other quiet book.,Excellent book!,2026-06-01,reviewer_en_0775606,en
ja_0554059,product_ja_0020399,automotive,3,他のヘルメットに比べて「サイズ」が小さめです！ 3点ボタン式バイザーは「ボタン留めしてもガタツク」 ※ボタンの頭を潰してもかわりませんでした。,バイザーが動く＆サイズがあわない,2026-06-01,reviewer_ja_0184520,ja
fr_0553018,product_fr_0492534,home_improvement,3,"Je me suis laissé séduire par le prix pour tester, mais leur conception ne permet pas d'entrer dans le bois sans arrachement par le haut. Je recommande d'envisager des inserts plus performants.",Conforme à la description mais tendance à arracher les bois...,2026-06-01,reviewer_fr_0417734,fr
ja_0882113,product_ja_0222865,toy,1,クライタックとマルイMP7で使いましたが、結構な割合で飛距離が5m 程度のポロリ弾が頻発しました。どちらの銃も内部カスタムしてるので一概には言えませんが、次は0.2しかなくともマルイにします。ボトルに入ってるところは良かったです。,相性悪すぎかな,2026-06-01,reviewer_ja_0949175,ja
zh_0381719,product_zh_0706035,toy,4,游戏很好玩，就是外盒有些小小的磨损，第三方的服务果然没有主营的好啊 要努力啊,经典德式,2026-06-01,reviewer_zh_0390497,zh
es_0361709,product_es_0770704,sports,2,No me gusta baja calidad,Botiquín,2026-06-01,reviewer_es_0258479,es
de_0980132,product_de_0266686,drugstore,5,allerdings habe ich auch gleichzeitig Vitamin B eingenommen und zum Teil stichfeste Kleidung getragen. Im Karibischen Regenwald wollte ich kein Risiko eingehen.,hat gewirkt,2026-06-01,reviewer_de_0525317,de
zh_0992575,product_zh_0528970,pc,4,比想象中的大，完美包耳 隔音效果一般以上吧 游戏音效完美,满意,2026-06-01,reviewer_zh_0595660,zh
zh_0844147,product_zh_0231545,book,4,1.此本翻译比较译文《巨匠与杰作》阅读体验更流畅。（个人体验） 2.此版本截取作者的一段话为书名成功的让我再次购买了一本《巨匠与杰作》。虽然再读一遍也不错！ 3.增加的内容很值得一读。,《巨匠与杰作》增订版,2026-06-01,reviewer_zh_0331923,zh
de_0843784,product_de_0636228,wireless,2,"Die Holz-Rückseite ist natürlich sehr wertig. Aber das vormals schlanke Handy wird plötzlich sehr wuchtig, und sonderlich genau ist die Passform nicht. Ging wieder zurück.",Nicht so gut,2026-06-01,reviewer_de_0013561,de
en_0252813,product_en_0140886,home,5,"I really love these candles. They are unscented, as promised, and leave no wax. What I loved the most about these candles is that there is no leftover wax to clean up and very little smoke that the candle produces. From my personal experience, the burning time for one candle is 1 1/2 to 2 hours.",I really love these candles,2026-06-01,reviewer_en_0539480,en
fr_0607607,product_fr_0214000,camera,5,produit correspondant au descriptif de bonne qualité. Le Délais a bien été respecté. Cout de la livraison un peu chère par rapport au prix de l'article.,courroie sangle pour compact,2026-06-01,reviewer_fr_0198357,fr
es_0353910,product_es_0989217,home,2,La batería dura muy poco hay días que ni se encienden,La batería y el alumbrado,2026-06-01,reviewer_es_0739130,es
es_0425011,product_es_0331693,home,4,Cumplió todas las espectativas de diseño y calidad: el estilo clásico que buscaba.La instalación muy fácil. En el mercado existen todo tipo de lámparas.,Fácil de instalar. Con diseño clásico. Envío rápido,2026-06-01,reviewer_es_0666657,es
ja_0511997,product_ja_0839193,home,4,褒めすぎかな…でも収納力には満足です。娘と二人で組み立てたので若干楽しめたかも♪少し重いけど一人で持てない重さではないし、狭いアパートの部屋に省スペース収納は必須です。,省スペースにも抜群の収納力,2026-06-01,reviewer_ja_0035811,ja
en_0091873,product_en_0943162,digital_video_download,2,I put this on because I remember waking up early each morning to watch Power Rangers before going to school and figured I'd give it a shot because of my child hood. There is literally nothing good about this movie. It starts off okay and then progressively gets worse. I literally had to turn it off because the story line and parts were so cringey that I couldn't bare it any more. I gave it another shot to try and finish it and immediately remembered why I shut it off the first time.,Horrible.,2026-06-01,reviewer_en_0464459,en
en_0782949,product_en_0782195,pet_products,4,Came alot sooner then it was supposed to they usually last my dog a year or so but he runs and jumps and plays with other dog like every or every other day,Cheaper then petsmart or Petco by far,2026-06-01,reviewer_en_0405090,en
es_0743828,product_es_0906555,lawn_and_garden,3,Las planté en semillero y no salió ninguna. Este año seguiré probando a ver como se da,No han crecido.,2026-06-01,reviewer_es_0566903,es
en_0975818,product_en_0476800,sports,5,"I love this yoga mat! It is cushier and more supportive than my previous travel mat, And it's just as easy to keep it clean. I machine wash it and hang dry it after every use. Thank you Clever Yoga!",Great mat!,2026-06-01,reviewer_en_0633653,en
de_0403437,product_de_0915470,automotive,4,Verwittert in der Sonne,Gut,2026-06-01,reviewer_de_0840063,de
zh_0484127,product_zh_0463465,office_product,2,刚拿到货，直接是原装盒，盒子直接压扁了，商品侥幸，目前没什么问题！希望以后能给重视一下，一本书包的跟木乃伊似得，一个电子产品连个包装填充都没有，怎么也觉得不合理！,包装能吓死人，整个一裸装！,2026-06-01,reviewer_zh_0566437,zh
de_0701449,product_de_0969679,toy,2,"Ich finde das Teil ja absoluter Schrott, naja meine Tochter findet es super deswegen gibt es zwei Sterne",Naja,2026-06-01,reviewer_de_0089310,de
de_0151316,product_de_0025583,other,4,ich möchte die box behalten,rückgabe,2026-06-01,reviewer_de_0345474,de
es_0869731,product_es_0394357,electronics,4,"Es puramente un convertidor, no estabiliza la tensión de salida.",Convertidor DC/DC buck para adaptar bajas tensiones,2026-06-01,reviewer_es_0716490,es
fr_0181648,product_fr_0292794,home_improvement,4,Il manque une petite pelle et un balai,Presque parfait,2026-06-01,reviewer_fr_0296525,fr
fr_0717394,product_fr_0142540,beauty,2,La brosse est très bien mais il faut la remplacer au bout de quelques mois (je l'utilise une fois par jour) car elle perd tous ses poils... Je n'avais pas ce souci avec la tos...,"Perd ses poils, à jeter au bout de quelques mois",2026-06-01,reviewer_fr_0115058,fr
ja_0043576,product_ja_0271047,drugstore,2,プラスチックケース付属でデザインもスタイリッシュで良いのですが商品が届いた時はもう既に電池残量が残り少ない状態でした。元々充電出来るように充電器もカートの中に入れておいたのですがどうせ届いてもすぐ充電しないといけない事にはならないかなと思いカートから省いたのですが結局買わないといけない羽目に。 配達時の電池残量は少ないにしても詳細の方に「電池残量は少ない状態で配送されます」みたいな感じで書いておいてくれたらなと思いました、、、 ☆1付けたいところですが上のも併せてひとまず☆2とさせて頂きます。,電池残量が……,2026-06-01,reviewer_ja_0965263,ja
de_0193882,product_de_0197330,home_improvement,2,"Es heißt Croma, ist aber kein Chrom, sondern Kunststoff, der wie Edelstahl glänzt. Es sieht hochwertig aus, aber ist der Preis nicht wert. Insbesondere die Halterung für den Brausekopf ist aus Kunststoff und vermittelt keinen Eindruck, dass sie lange mitmachen wird.",Mehr Optik als Qualität,2026-06-01,reviewer_de_0451289,de
ja_0826496,product_ja_0967030,automotive,2,バイクに取り付けて雨の日に使っていたが、 １日目：本体のボタンが効かなくなる ２日目：リモートボタンが効かなくなる ３日目：液晶ディスプレイに水が浸水、明らかに水らしきものがタプタプしてるのが見える ４日目：完全に沈黙 この製品の防水は完全に嘘です。もし使うなら、本体は何か防水の袋とかに入れて使った方が良いかと思います。 バイクを雨ざらしにしておくとかもってのほかです。 ケーブルも含めて、バイクから外して返品し、また新しいのをつけるとなると工賃もかかってしまうので もう壊れたまま運用することにします。 防水機能目当てでしたら、「絶対に」選ばないほうが良いです。 写真１：液晶がついてる前蓋を外してみた 写真２：箱の中に明らかに浸水しています 写真３：液晶内にも水が侵入しています メーカーさんへ：本体だけ返品する事はできますか？ もう開けてしまったから保証外ですよね、やっぱり。 2019年10月16日追記： 箱を開けたまま扇風機＋日光で乾かしてみたら、見事電源が入り、復活しました。 しかし液晶に侵入した水はそのままです。 2019年10月17日追記： AmazonレビューはTwitterやブログなどで検索してみると、やはり本体は外に出さないほうが良いようだ。 浸水した場合はドライヤーなどで乾かすと良いらしい。 まあぶっちゃけ、液晶画面は特に必要ない。見る必要も無いので、中に(あれば)いれたほうが良いようだ。 サポートはしっかりしているようで、Amazonコメントでもしっかり受け答えしてくれた。これはとても好印象なので 星を１つから２つにしておき、レビュータイトルも少し改変しておきます。,安くて画質も良いが、防水に関しては信用しない方が良い。,2026-06-01,reviewer_ja_0415301,ja
en_0228025,product_en_0537610,baby_product,5,I ordered these for my daughter's toddler bed. They lasted well over 2 years before I got rid of the toddler bed and transitioned my little one to a twin mattress. Fabric is soft & breathable.,Durable kids sheets,2026-06-01,reviewer_en_0144667,en
en_0965796,product_en_0580389,electronics,5,It is very powerful and lasts a long time. I would definitely buy again,Great Product,2026-06-01,reviewer_en_0548483,en
zh_0483411,product_zh_0452874,automotive,3,刚收到货，滤清器外包装是坏的，滤清器自己在外面溜达呢玩呢。坏包装不能保证收到的是正品，已经申请换货，如果换回来的还是坏的，那就只有退货了。,机油还好，和描述的一致。滤清器无语了！！！,2026-06-01,reviewer_zh_0662919,zh
de_0577622,product_de_0244393,lawn_and_garden,2,hat mir nicht gefallen . Obwohl wir im Garten viele Eichhörnchen haben wurde es nicht angenommen von den Tieren,eichhörnchen futterhaus,2026-06-01,reviewer_de_0687609,de
zh_0924815,product_zh_0190908,sports,3,外包装太简易，产品体验一般，服务基本无，物流又忙服务还一般。很难想象这是亚马逊，看来C顾客就是不被重视。,能退货吗,2026-06-01,reviewer_zh_0576633,zh
ja_0020392,product_ja_0578685,home,4,受取日時を間違え、ちょっと遅れて配達された。 問題無く、使用できＯＫです。,ちょっと遅れた,2026-06-01,reviewer_ja_0660069,ja
de_0792562,product_de_0509179,automotive,5,"Wie beschrieben, top.",Immer wieder,2026-06-01,reviewer_de_0118930,de
es_0368855,product_es_0855440,home,5,"Van a hacer 3 años y una mudanza y como nuevas. La cremallera está como el primer día, la tela es resistente, estoy encantada.",Durabilidad y calidad,2026-06-01,reviewer_es_0858148,es
de_0038976,product_de_0714066,home,5,gut zum faltenfreien Bügeln von Hosenbeinen,gute Qualität und stabil,2026-06-01,reviewer_de_0069377,de
de_0403426,product_de_0731881,wireless,4,Passt perfekt und es ist alles dabei um die beiliegende Glasschutzscheibe perfekt aufzubringen. Fühlt sich genau so an wie die Silikon Hülle von Apple. Mit dem Unterschied das die hier angebotene das gesamte iPhone schützt. Das hat mich immer bei der originalen gestört. Absolute Kaufempfehlung!!,Wie das Original von Apple nur besser und viel günstiger,2026-06-01,reviewer_de_0557325,de
zh_0621040,product_zh_0033394,home,5,超级舒服~~~非常不错~~~有点儿小贵，但是值了~,不错不错~~~,2026-06-01,reviewer_zh_0277898,zh
es_0335768,product_es_0683818,electronics,5,Gran utilidad de este soldador .,Bien,2026-06-01,reviewer_es_0359656,es
fr_0933332,product_fr_0916229,industrial_supplies,4,"Je fais partie des gens qui trouvent toujours le moyen de mettre les doigts sur leurs lunettes. j'utilise des lingettes depuis longtemps et ce produit m'a surprise par son efficacité. j'aurai dû prendre un bidon plus petit, plus facile à manier.",efficace,2026-06-01,reviewer_fr_0917541,fr
ja_0292336,product_ja_0658520,wireless,5,カメラが大きく傷つきやすそうで心配になってしまったのでこちらを購入しました。思ったより薄くて貼った感じもそれほど気になりません。とてもフィットです。透明度高めで、綺麗に見えます。貼りやすいし3枚ありますし買って良かったです。使い心地も好きです。,貼りやすくて良かったです。,2026-06-01,reviewer_ja_0116788,ja
zh_0997327,product_zh_0421834,pc,3,"买的是32G,可是实际内存只有28G…而且勾选了发票开具也没有随优盘一起附送过来，还要去催才补寄过来…给三颗星真的对得起了",在亚马逊最糟心的一次购买,2026-06-01,reviewer_zh_0147504,zh
fr_0116158,product_fr_0424307,toy,5,Fait le job et peut être réutilisé 4 5 fois,Parfait,2026-06-01,reviewer_fr_0668518,fr
de_0674245,product_de_0520051,other,3,"Ehrlicherweise muss ich ja zugeben, dass ich die CD erst einmal komplett gehört habe. Manche Werke brauchen ja ein bisschen bis man sie ins Herz schließt. Habe aber so meine Zweifel... "" Low "" ist sicherlich das Beste Stück, dann kommen noch so ca. 3-4 andere, die ganz gut sind. Der Rest ist leider nicht meine Tasse Tee...",Habe mir mehr davon versprochen,2026-06-01,reviewer_de_0620142,de
es_0574461,product_es_0067596,furniture,4,"Muy funcional, me ha gustado, no es plástico. Lo recomiendo. No le pongo 5estrellas x el tipo de material. Es rosa y blanco",Recomendable,2026-06-01,reviewer_es_0019015,es
es_0782712,product_es_0659820,drugstore,1,Fatal llego 1 mes tarde teniendo la fecha de entega puesta.no vuelvo a comprar mas.penoso pensaba que llegaria cuando ellos me dijeron 👎👎👎👎,Penoso el envio fatal llego tarde,2026-06-01,reviewer_es_0448887,es
zh_0255730,product_zh_0986897,apparel,2,没有想象的好 好像不是正品。但快递人员不错 赞一个。,不理想购物,2026-06-01,reviewer_zh_0774010,zh
zh_0436298,product_zh_0186819,sports,4,质量和做工都好，只是秒杀页面描述为修身款，T恤实际效果像直筒裤，无任何修身效果。,还成吧,2026-06-01,reviewer_zh_0531577,zh
de_0823473,product_de_0198511,wireless,1,Nach wenigen Ladungen durchgebrannt. Der Rückgabezeitraums war gerade vorbei. Schade die Form war sehr schön. Das Gerät war auch gut geeignet für FaceTime.,"Finger weg, scheinbar nicht für iPhone 8 geeignet.",2026-06-01,reviewer_de_0826655,de
zh_0914487,product_zh_0920200,baby_product,3,2016/1/5买的，生产日期是2014/12/10，隔了一年多了！,生产日期不满意,2026-06-01,reviewer_zh_0704227,zh
es_0363690,product_es_0712845,video_games,1,Es muy lento todo el proceso inicial y no te enteras por donde has de ir,Lento,2026-06-01,reviewer_es_0531735,es
ja_0105647,product_ja_0698038,automotive,3,ハイゼットに取り付けたかのですが取り付け口が狭くて爪部が入りきりませんでした爪部の固定部の厚みの見直しお願いします。エルグランドでの取り付けは問題ありませんでした。,取り付け出来ないCD口があります,2026-06-01,reviewer_ja_0025138,ja
zh_0261591,product_zh_0025598,book,1,十分无聊的书，十分无聊的书，十分无聊的书。,考研指定教材，你懂的,2026-06-01,reviewer_zh_0131612,zh
zh_0211620,product_zh_0923862,book,4,第一个买 没有评论 这本书在其他网站都很贵 没有这个价 也没有平装和精装之分 但在这不仅有平装精装之分 精装的价格还比平装便宜 搞不懂啊 怀着忐忑的心情买了精装的 封皮和封底都是硬壳的 稍微有点磨损和不平整 估计和运输包装有关 因为之前买新华文轩的硬壳书也是这种情况 总体来说 价格便宜 发票一起送到 就是包装很容易在运输途中让书受损,便宜是王道,2026-06-01,reviewer_zh_0665939,zh
fr_0830723,product_fr_0396880,electronics,5,exactement ce dont j'avais besoin. Parfait bla bla bla. Je ne vais pas rédiger un avis plus long pour une pile!,tres bien,2026-06-01,reviewer_fr_0305830,fr
fr_0807760,product_fr_0149992,drugstore,5,Conforme à la description. Reçu rapidement,Très bien,2026-06-01,reviewer_fr_0112957,fr
ja_0545738,product_ja_0423017,electronics,5,私はよく電話をするのでかかってきて繋げたままワンタップで電話に出ることが出来るので不自由なく使えます。また、防水機能も着いているのでランニングする方やこの暑い夏でも音楽を聴きたい方にも必要不可欠な商品だと思います。,繋いだまま電話ができる！,2026-06-01,reviewer_ja_0560267,ja
zh_0035398,product_zh_0447005,book,5,包装完整，无破损。 买回来感觉看完了，其实并没有看完。,物流快,2026-06-01,reviewer_zh_0374941,zh
fr_0845300,product_fr_0764093,beauty,4,Démaquillant parfait,Top,2026-06-01,reviewer_fr_0972560,fr
ja_0948686,product_ja_0079545,watch,1,兄貴のために買いましたけど現場で手洗いして中に水が入ってそのまま捨てたと言ってました！『一日で捨ててましたね』,手洗いで,2026-06-01,reviewer_ja_0632642,ja
ja_0750598,product_ja_0022569,other,3,画質は気になりません。でも、字幕が少し邪魔なのと、エンディングが使い回し？（声優の表示が毎回同じ？）,気になる所があるが、安いから問題なし！,2026-06-01,reviewer_ja_0996932,ja
zh_0729037,product_zh_0161820,other,2,用了三个月不到一边声音大一边声音小了 质量太差劲,质量差劲,2026-06-01,reviewer_zh_0492572,zh
de_0497786,product_de_0074816,electronics,4,+ lange Akkulaufzeit + sehr handlich + wasserfest + hohe Qualität + langes Ladekabel - Bass etwas schwach,Top Begleiter,2026-06-01,reviewer_de_0966724,de
zh_0787813,product_zh_0017563,shoes,3,我跑步不到十分钟都还可以。穿着它走路30分钟会脚疼。,我跑步不到十分钟都还可以。穿着它走路30分钟会脚疼。,2026-06-01,reviewer_zh_0686456,zh
de_0621702,product_de_0616564,home,4,"Artikel kam nach 2 Tagen an und war in mehrere Kartons mit Styropor verpackt. Lässt sich leicht zusammen bauen und schneidet super. Zur Haltbarkeit und Qualität kann ich noch nichts sagen, da ich erst einmal mit gearbeitet habe, aber das hat sehr gut funktioniert.",Würde ich wieder kaufen.,2026-06-01,reviewer_de_0034692,de
ja_0098925,product_ja_0678019,pc,3,一番気に入らなかったことはサイズです。 薬指はぴったり小指はぶかぶか、そして薬指と小指の間は食い込んで痛いです。 長時間使ってると痛いので少しやって少し休憩って感じになってしまいます。 iPadで使ってるので少し反応してしまうというのは仕方ないですがもう少しサイズを考えてほしかったです。,サイズ合わず痛い,2026-06-01,reviewer_ja_0031913,ja
ja_0024018,product_ja_0711637,beauty,3,バニラが好きで購入しました。さっぱりしすぎず奥行きのある香りだなと思います。私には背伸びした感が否めないので、☆☆☆で...笑,バニラ！,2026-06-01,reviewer_ja_0500936,ja
ja_0722888,product_ja_0897660,grocery,5,①購入理由：もう何年も他店にて購入していましたが同じものを見つけたので試しに購入しました。 ②決め手：最近アマゾンさんで買い物をするようになり、以前から他店で購入していたものが購入できてうれしいです。 ③総評：このルイボスティは味もコスパも申し分なく我が家にはなくてはならないものとなりました。,我が家の定番,2026-06-01,reviewer_ja_0039252,ja
zh_0111656,product_zh_0345074,sports,2,产品一般，性价比差些，原货缺件! 商家服务太一般，自我为中心，根本不把客户当回事！注明的发票，邮件说发票寄了，其实根本就没给发。后来百般交涉，发票给了，缺的件却没给！,产品一般，性价比差些，原货缺件! 商家服务太一般，注明的发票，邮件说发票寄了，其实根本就,2026-06-01,reviewer_zh_0830196,zh
de_0732593,product_de_0744736,shoes,2,"Ich habe diese Gymnastikschuhe nun bereits 2 Mal für meine 2jährige Tochter für die Krippe gekauft. Innerhalb kürzester Zeit war der Stoff an diversen Stellen, im Bereich um die Sohle rum, aufgerieben und somit total durchlöchert. Mir ist klar, daß solche Schuhe nicht ewig halten, aber ich hatte nicht gedacht daß ich sie nach ca. 8 Wochen bereits entsorgen kann.",Schlechte Stoffqualität,2026-06-01,reviewer_de_0121084,de
zh_0469497,product_zh_0556317,toy,4,很有手感，完全达到我的预期。不过我是特价买的,不错,2026-06-01,reviewer_zh_0532501,zh
de_0680736,product_de_0038422,apparel,2,Ich finde sie sieht sehr billig aus. Habe ein knallrotes hochwertiges Kleid und eine passende Fliege für meinen Mann gesucht. Zum Spaß oder sonst irgendetwas ist sie super aber für einen gehobenen Anlass nicht zu empfehlen,Sieht gut aus aber passt nicht zu jedem Anlass,2026-06-01,reviewer_de_0026990,de
de_0947504,product_de_0535819,video_games,4,Ist gut und nacht was sie soll. Pro= Handlich und funktioniert. Con= Manchmal wird der Knopfdruck nicht regestriert. Verbraucht viel Batterien,Ist in ordnung,2026-06-01,reviewer_de_0664045,de
en_0310735,product_en_0387265,apparel,5,I used it for my daughters graduation and it was really comfortable,It’s really nice dress,2026-06-01,reviewer_en_0820770,en
es_0686823,product_es_0865626,pet_products,2,"El producto tiene buena pinta pero yo lo devolví. Después de pelearme con las vallas para que quedasen perfectamente alineadas con la base, me di cuenta que no es un producto apto para hámster. Los barrotes tienen demasiada separación y además son bastante flexibles, por lo que un hámster puede hacer ceder y escapar. Además entre algunas de las juntas se creaba un espacio superior al de los barrotes, recoveco ideal para una fuga. Creo que para roedores más grandes, como las cobayas, es un producto ideal, pero para hámster no, y menos sin son rusos o roborowski ya que pueden caber mejor que el común que tengo yo",No es apto para hámster,2026-06-01,reviewer_es_0230397,es
en_0197005,product_en_0855676,wireless,1,"Received mine yesterday. It does not fit my galaxy s8+ (too big). Compared to other glass protectors I've used, the material is also super thick and not very touch responsive. Returned.",Does not fit!,2026-06-01,reviewer_en_0898407,en
en_0091671,product_en_0318365,lawn_and_garden,4,"Number 1: this thing REALLY works. It attracts flies like no other. I'd wager there are thousands in the bag I hung just a week ago. HOWEVER Number 2: It smells like a rotting corpse. Hang it as far from your house as you can. Stench carries on the slightest breeze! Number 3: As the bag gets fuller, the flies aren't dying as fast when they get inside--I guess because of the pile up of floating corpses, the aren't exposed to the liquid as quickly. This is giving them a chance to lay eggs. And there are definitely a few dozen maggots crawling around on top of the carnage.",Maggots!,2026-06-01,reviewer_en_0350881,en
zh_0699903,product_zh_0759860,book,4,书有质感，质量不错，女娃的最爱金粉，娃儿总是说太漂亮了，但看的频率并不是高,质量好，娃也喜欢，但看的频率不高,2026-06-01,reviewer_zh_0569322,zh
en_0457283,product_en_0273357,musical_instruments,5,Bought these for my boyfriend and he says they are great. He didn’t expect them to be so nice for the low price but he was impressed. No more messing with cords!,They are easy to clean,2026-06-01,reviewer_en_0353462,en
fr_0946123,product_fr_0034568,furniture,4,Super pratique ! Mais un peu bancale une fois sur le lit. Rien de bien dérangent 😊,Pratique,2026-06-01,reviewer_fr_0002075,fr
zh_0811108,product_zh_0984961,beauty,4,比较好用，不卡粉，不过我是中性皮肤，肤色偏白，所以这个颜色略深，以后考虑再白一点的。,颜色偏深,2026-06-01,reviewer_zh_0557337,zh
fr_0365509,product_fr_0260159,toy,3,"Le masque tient difficilement.il faut faire un noeud derrière la tête, et le « devant » remonte puis tombe. Dommage car le reste est très bien.",Le masque tient difficilement.,2026-06-01,reviewer_fr_0751061,fr
es_0792770,product_es_0317850,drugstore,4,Buen precio. Sirven para un uso normalito. Limpian bien entre dientes. Se rompe la goma en cada uso. Pero son para usar y tirar. Y por lo q valen tampoco se puede pedir mas,"Normalito, pero barato",2026-06-01,reviewer_es_0729755,es
zh_0515257,product_zh_0460503,sports,4,质量一般，有吸汗功能，跑步适用！当时下单以为是从美国直接发货，收到却是中国制造！搞笑了！,商品！,2026-06-01,reviewer_zh_0061666,zh
ja_0678977,product_ja_0434057,electronics,1,iPhone7とiPhone5sでペアリングができないのですが… Androidスマホではできました。 何か特別な方法があるのでしょうか？,ペアリングできない,2026-06-01,reviewer_ja_0610971,ja
zh_0551946,product_zh_0910597,digital_ebook_purchase,5,很震撼，利用坐车的时间看完了整本书，看到最后眼眶都红了。,好,2026-06-01,reviewer_zh_0166715,zh
de_0444054,product_de_0343086,sports,4,"Leider sind innen die Taschen nicht gut vernäht, so dass beide Taschen gleich Löcher hatten. Auch ein Aufhänger fehlte, so dass ich zum uneingeschränkten Gebrauch der Jacke erstmal etwas nähen musste. Ansonsten ist es aber eine sehr schöne Jacke.",Schöne Daunenjacke mit Kunstpelz,2026-06-01,reviewer_de_0267337,de
ja_0671066,product_ja_0225426,sports,3,今年の夏は暑い為か、水で冷ましてもすぐ乾いてしまうのがちょっと残念,水は常に持ち歩いて,2026-06-01,reviewer_ja_0674605,ja
zh_0817450,product_zh_0791650,book,3,很遗憾，这样的缺损破坏了心中的美好，也破坏了读书的兴趣，而且无法收藏！联系不上卖家，如果卖家看到最好可以解决一下,遗憾的购物,2026-06-01,reviewer_zh_0631208,zh
es_0713192,product_es_0993272,lawn_and_garden,3,"Al artículo le faltan pequeñas piezas q no son importantes, son embellecedores (falta la planta q indica el nivel del agua y un palo de plástico q separa en tres las zonas de plantación), cuando compro un artículo nuevo me gusta q esté en perfectas condiciones. En las fotos aparecen los huecos de las piezas que faltan.",Faltan piezas pequeñas del artículo,2026-06-01,reviewer_es_0688528,es
es_0624914,product_es_0464901,wireless,1,Según la publicidad de ustedes ofrecían un cristal protector de pantalla para ifhone 8 plus pero en realidad se queda estrecho y no cubre toda la pantalla es por ello que la publicidad ha sido engañosa No lo puedo devolver porque ya he abierto el paquete y he colocado un cristal protector que se queda estrecho,No es para ifhone 8plus,2026-06-01,reviewer_es_0051285,es
fr_0739839,product_fr_0528568,home,1,Commande non reçue. Vendeur ayant refusé le remboursement et fait un renvoi ... je suis sur Que je ne recevrai jamais rien ! Je ne recommande pas du tout.,Déçue et voleur,2026-06-01,reviewer_fr_0854997,fr
en_0037124,product_en_0745984,kitchen,4,This product came shaped like it was supposed to. Not too much else to say.,Holds and mixes drinks,2026-06-01,reviewer_en_0356323,en
zh_0474193,product_zh_0922505,drugstore,5,先是在二手东上面看到的，要280+，话说是因为买了奶茶消费更高，所以要涨价？然后发现亚马逊价格更亲民，就来这里买了，体温计不错，测试结果比较平稳，温度差值在0.2以内，如果能充电就更好了。,感觉还不错,2026-06-01,reviewer_zh_0632078,zh
de_0959760,product_de_0691271,beauty,2,"Meine Tochter hatte sich sehr über diesen Artikel gefreut, da mal sich schön bunte Strähnchen selbst machen kann.. Nur ist es doof wenn ich diesen Artikel in grün bestelle und in blau bekomme.. Sie hat sich trotzdem gefreut. Aber ist leider ein großer Unterschied in der Farbe..",Strähnchen farben,2026-06-01,reviewer_de_0826216,de
zh_0551522,product_zh_0964710,digital_ebook_purchase,1,书里充斥着大量的伪科学和谣言，作为科普读物完全是误导人,低级，拙劣,2026-06-01,reviewer_zh_0959559,zh
ja_0715401,product_ja_0525123,automotive,1,"on,スイッチの明かりが点灯するが、USBとシュガーライターは通電してないようです。",使えない,2026-06-01,reviewer_ja_0611539,ja
en_0980134,product_en_0063727,home,5,I wasn’t expecting much for the price- but really like these! They are the typical cloth pop-up box material- so they aren’t super sturdy but hold up just fine. I do wish I would have gotten another color because I’m thinking the white will get dirty quickly- but didn’t think about that at the time of ordering.,I wasn’t expecting much for the price- but really like these! They are the typical cloth pop-up box ...,2026-06-01,reviewer_en_0766197,en
zh_0104621,product_zh_0354847,book,2,完全散架了。不过20块便宜嘛。估计就是这样了。而且，印刷也很挤。反正也是买来用的。收藏肯定不会选这种。,原来如此,2026-06-01,reviewer_zh_0686818,zh
zh_0960097,product_zh_0924297,other,3,低音震撼，高音清脆，佩戴舒适。不过包装是塑料的，不环保。,满意的耳机,2026-06-01,reviewer_zh_0992850,zh
fr_0756199,product_fr_0914299,toy,4,"Ma fille a adorée, les couleurs sont jolies mais j'enlève une étoile car le seau n'est pas très solide, il s'est fendu très vite",Bien,2026-06-01,reviewer_fr_0677508,fr
de_0574577,product_de_0808341,wireless,2,"Leider wurde durch den schwarzen Rand, der zwar sehr schick ist, die Led für die Benachrichtigungen verdeckt. Die erste Scheibe hat nicht richtig gehalten, die 2. war auch am Rand nicht 100% passend und löste sich dann nach kurzer zeit.",Leider enttäuschend,2026-06-01,reviewer_de_0260750,de
ja_0117504,product_ja_0143938,pc,2,12月に購入し純正充電器を使っていましたが、半日以上充電しても起動しなくなりました。 レビューに何名かの方が書かれているとおり残念,充電できなくなった,2026-06-01,reviewer_ja_0170245,ja
en_0281292,product_en_0443612,beauty,3,"The flosser itself is nice. My issue is with the base unit that is required to enable the flosser to charge. The large, clunky base is totally unnecessary. Why not eliminate the base and allow a person to plug the USB cable directly to the flosser? It would get five stars without the worthless charging base.",Not ideal for travel .....,2026-06-01,reviewer_en_0321323,en
en_0264858,product_en_0447958,camera,4,I would have given this product five stars if the charger had a USB cord longer than three inches,Short USB cord,2026-06-01,reviewer_en_0921701,en
es_0986535,product_es_0666440,wireless,2,Se rompe con mucha facilidad,Protector,2026-06-01,reviewer_es_0950254,es
de_0330079,product_de_0641242,home,3,"Leider stinkt die Auflage nach einer Woche immer noch und das ganze Zimmer mit. Sie liegt auch noch immer nicht flach und wölbt sich auf einer Längsseite leicht. Die Weichheit ist wie erwartet und auch die Abstützung ok. Ich habe jedoch ein unangenehmes Gefühl, wie auf etwas Feuchtem zu liegen.",Stinkt nach einer Woche immer noch und liegt nicht flach,2026-06-01,reviewer_de_0560335,de
ja_0368292,product_ja_0942378,electronics,3,汎用のホットシューオプションを利用したいために購入しました。フラッシュを接続して動作確認はしていません。 固定用ネジをしっかり締め付けても、ホットシューにガタが多少あります。 重量物を取り付けて、持ち歩くのはちょっと躊躇します。,やはりガタがありますね,2026-06-01,reviewer_ja_0424911,ja
zh_0953203,product_zh_0075112,beauty,1,寄到的面霜勺子有划痕和油渍，反馈给客服，结果并没有什么卵用，产品负责人居然还说有可能消费者自己故意刮的，我也是醉了，差评。,无标题看图片,2026-06-01,reviewer_zh_0748985,zh
ja_0084903,product_ja_0767334,home_improvement,1,二日で点かなくなった 今、点いてるのは4個だけ,品質が悪い,2026-06-01,reviewer_ja_0498364,ja
es_0328560,product_es_0879866,home_improvement,3,"Por el precio, no se puede pedir más.","Articulo de bricolaje, no profesional.",2026-06-01,reviewer_es_0669219,es
zh_0912331,product_zh_0925760,office_product,4,学习学习才买的。就这样吧。没有太大的作用。,学习学习才买的。就这样吧。没有太大的作用。,2026-06-01,reviewer_zh_0248362,zh
ja_0816707,product_ja_0524206,home,1,台所の電気釜などを置こうと考えて、白を買いました。 パッと見全然気づかなかったのですが、棚面の中央がへこんでいるようで、 置くものが、エッジの方から中心へ向かって気持ち斜めになっています。 普段しょっちゅう使うとこなので、気になりますが、入れ物等捨ててしまったので、このまま使います。 以前購入したブラウンは、2度も網目がガタガタでしたので、開封したら組み立て前に網目をよーくチェックすることをお勧めします。,棚面が歪んでました,2026-06-01,reviewer_ja_0667611,ja
de_0472116,product_de_0295280,wireless,5,"Alles wie Beschrieben, Ich bin sehr zufrieden mit der hülle und sieht hochwertig aus. Klare Kaufempfehlung !",Tolle Hülle !,2026-06-01,reviewer_de_0575106,de
de_0157092,product_de_0386448,furniture,3,"Leider rutscht der Schoner hin und her , was etwas lästig ist... Ansonsten gut verarbeitet und leicht zum pflegen....bzw. waschen","Rutscht leider etwas hin und her, aber ansonsten sehr gut verarbeitet",2026-06-01,reviewer_de_0307425,de
de_0940768,product_de_0952242,automotive,5,"Ich habe 2 Steckdosen im Fahrzeug verbaut. Der Artikel ist gut verarbeitet und macht einen sehr stabilen Eindruck. Beschriftung zur pinbelegung sind drauf. Auch die steckschuhe im Lieferumfang haben die Montage erleichtert. Wichtig, Fachleute sollten diese nur im Kfz verbauen da separate Sicherung verbaut werden sollte und An den richtigen Stellen im Kfz sich Strom abgezweigt werden muss",Gutes Produkt Montage nur mit Fachwissen,2026-06-01,reviewer_de_0256948,de
ja_0660520,product_ja_0194255,pet_products,5,我が家のインコはお気に入りです。 また購入したいと思います。,お気に入り,2026-06-01,reviewer_ja_0346997,ja
de_0464340,product_de_0754776,sports,1,"Liebes Amazon Team, mir wurde der Betrag am 21.06.2018 abgebucht, aber die Ware habe ich noch nicht erhalten. Das ist nicht schön !!!","Amazon hat bereits abgebucht, aber die Ware ist noch nicht da !",2026-06-01,reviewer_de_0331615,de
zh_0511031,product_zh_0867855,book,5,很好，以前从不去评价，不知道浪费了多少积分，现在知道积分可以换钱，就要好好评价了，后来我就把这段话复制走了，既能赚积分，还省事，走到哪复制到哪，最重要的是，不用认真的评论了，不用想还差多少字，直接发出就可以了，推荐给大家！,有趣,2026-06-01,reviewer_zh_0393123,zh
de_0696131,product_de_0900043,luggage,1,"Achtung!!! Der Verkäufer hat den Rückversand der Fälschlich bestellten Ware akzeptiert, die Ware wurde zurück versandt. Eine Rücküberweisung erfolgte nicht.",Achtung: trotz Rückversand keine Rückerstattung!!!,2026-06-01,reviewer_de_0893676,de
en_0942590,product_en_0641213,toy,1,Not what is advertised!! No cord and NO RECHARGEABLE BATTERIES AT ALL!!,DOES NOT COME WITH THE CORD OR RECHARGEABLE BATTERIES!!,2026-06-01,reviewer_en_0455826,en
zh_0621612,product_zh_0670618,home_improvement,1,购买页面显示1～2日发货，付款之后显示半个月后送达，实际收到商品距离下单日期已经一个多月。 无力吐槽，一星是给商品的。,最牛逼的预售,2026-06-01,reviewer_zh_0040023,zh
zh_0398669,product_zh_0694066,sports,3,买的M发货L，这太过分了！不紧身，即使发S给我估计也不紧身，像竹纤维一样的柔软，里头有很微弱的绒，估计为了舒适，而不像craft那样紧身吧！,发货错误！！非紧身款！！,2026-06-01,reviewer_zh_0905930,zh
es_0727062,product_es_0606228,apparel,2,"Vibra pero los botones no van, cuando le cierras la tapa de la pila entonces si vibra pero hasta que no le quitas la tapa no para",Un poco malo,2026-06-01,reviewer_es_0735032,es
zh_0367340,product_zh_0702176,drugstore,1,太失望了，枕头太软了，一受压就不行，关键是传说中的磁石就是几颗纽扣！！！！真心觉得受骗了,差评,2026-06-01,reviewer_zh_0205806,zh
fr_0427546,product_fr_0749319,furniture,4,J'adore il est devenu notre doudou par contre la barre de devant est surélevé et coupe la circulaire dans les jambes c'est dommage car sinon il est top mais on ne peut pas y rester des heures,Bon rapport qualité-prix,2026-06-01,reviewer_fr_0768593,fr
fr_0422656,product_fr_0707561,office_product,2,"boîte déjà ouverte (certainement un retour), mines abîmées, et article qui se promène dans un énorme carton donc mal protégé",vigilence,2026-06-01,reviewer_fr_0291617,fr
es_0779349,product_es_0707583,home,4,Son de buena calidad pero quizá un poco gordos,Buen material,2026-06-01,reviewer_es_0262613,es
en_0183319,product_en_0983219,other,1,"This product does not look right, its greasy and the size is not the same as the original one.",Its fake,2026-06-01,reviewer_en_0222494,en
fr_0970026,product_fr_0645281,wireless,5,Produit conforme à la description,Bon,2026-06-01,reviewer_fr_0400864,fr
ja_0377656,product_ja_0329345,shoes,2,バイト先にロッカーがないので通勤用のリュックのために購入しました。ジッパーのつまみの穴に通してロックしましたが、そのままジッパーが開けられました。リュックの場合、パンパンに荷物入れないとダメみたいです。リュックを潰せるくらい少量だと２つのつまみを離さずに開けられるからです。これは盲点でした。無駄な買い物をしてしまいました。,リュックにつけようとしたけど,2026-06-01,reviewer_ja_0040678,ja
ja_0511086,product_ja_0014135,grocery,4,関西在住の時、好んで食べていました。今、九州在住ですが、孫の運動会で関西に行ったとき娘の家で食べました。九州は近くの店舗では販売していなくネットで見つけて注文しました。週１回、半年以上、色んな具を入れて楽しめそうです。,懐かしい味でした。,2026-06-01,reviewer_ja_0828363,ja
de_0351646,product_de_0826158,apparel,4,Hatte leider schon einen Produktionsfehler. An einem Knöpfchen war der Stoff gerissen. Qualität des Materials aber ansonsten gut. Also ok.,Produkt ist ok,2026-06-01,reviewer_de_0856805,de
de_0865507,product_de_0747562,furniture,4,"Ein sehr schöner Spiegel mit genau der richtigen Höhe! Sonst sind die Spiegel in dieser Form größer oder viel kleiner. Dieser stimmt genau! Leider hat die Beleuchtung wohl einen Wackelkontakt wenn man ihn dreht. (darum nur 4 Sterne) Mit Gefühl bekommt man das aber wieder hin, habe ihn auch behalten. Kann ihn trotz des kleinen Makels empfehlen.",Toller Spiegel,2026-06-01,reviewer_de_0727510,de
en_0005206,product_en_0519834,book,2,"My daughter and I were very excited to do this activity together. It’s beautiful and easy to follow but unfortunately the stickers don’t really stick. By the time you’re halfway through, the stickers you places and the beginning are curling up. I even tried putting a heavy book on top overnight hoping theyd stick but no luck.",Stickers peel up before you even finish the page,2026-06-01,reviewer_en_0525113,en
de_0215546,product_de_0294347,home_improvement,4,"hab das gebläse zum reinigen kleinerer flächen wie die terrasse und vor dem hauseingang angeschafft, für trockenes laub sehr gut, geringes gewicht, nicht so laut, einfache bedienung und der schalter für die turbostufe geht auch leicht zu drücken, mit einem 2,0 ah akku läuft der so 45 min, bei kleinen flächen zu empfehlen, selbst der schmutzabstreifer vor der tür wird vom staub befreit, bin zufrieden",für kleine flächen sehr gut,2026-06-01,reviewer_de_0703889,de
ja_0125930,product_ja_0910663,automotive,2,設定の仕方がわるいのか まず①停止中 走行中一定の時間過ぎると画面表示が消える ②トンネル出るとき白とび ③時間設定しても１時間遅れた数字が表示されるなど どうすればよいかわからない,梱包に入っていた取り扱い説明書 初心者に、もう少し詳しいものがほしい,2026-06-01,reviewer_ja_0528808,ja
ja_0876822,product_ja_0748633,apparel,4,リピーターです。フィット感が良く履いてて楽です。色のバリエーションが増える事を期待します。,いいフィット感です,2026-06-01,reviewer_ja_0619601,ja
ja_0310146,product_ja_0528705,wireless,3,ケースとしての性能は良いです。リングの強度はそれほどなく一週間程でスタンドとしてはつかえなくなりました。,値段相応の性能です。,2026-06-01,reviewer_ja_0049634,ja
de_0996526,product_de_0915478,wireless,3,"Ich habe mir die Apple Watch Series 4 Schutzhülle gekauft ,um meine Uhr ein wenig zu schützen.Das erledigt die Hülle im trockenem Zustand ganz gut . Wenn beim Hände waschen ,nur ein Tropfen Wasser unter die Hülle kommt ,ist die Uhr nicht mehr steuerbar.Um die Hülle zu trocknen ,muss man die Armbänder von der Uhr entfernen,weil man die Hülle sonst nicht von der Uhr entfernt bekommt. Das ist mir zu umständlich ,daher würde ich mir diese Hülle nicht nochmal kaufen.Ich gebe 3 Sterne .",Apple Watch Series 4 Schutzhülle,2026-06-01,reviewer_de_0247399,de
fr_0980516,product_fr_0358744,book,5,"ce livre est une mine d'info, on y apprend énormément de chose concernant la santé le bien être y compris physique que mental, je conseille.",se lit très bien,2026-06-01,reviewer_fr_0725324,fr
zh_0368449,product_zh_0881973,book,5,书很快就到了，好惊喜啊，哈哈哈。还没看呢，坐等,很快,2026-06-01,reviewer_zh_0924926,zh
en_0253440,product_en_0178906,grocery,5,Love my chia seeds..use them in so many different things. Provides great health benefits.,Chia seeds are the way to go!,2026-06-01,reviewer_en_0933335,en
en_0750771,product_en_0761537,apparel,2,When I received the dress there were multiple staples left in the dress.... very strange. The dress is cheaply made but to be expected for $70. Haven't decided if I'll keep it or not yet.,Staples in the dress,2026-06-01,reviewer_en_0646809,en
ja_0481925,product_ja_0175992,kitchen,2,本体はとても軽いのに、肝心なヘッド部分が重く取り回しが悪いです。 ちょっとした衝撃で、ヘッドとノズルライト部分が外れます。お上品にお掃除しないといけませんね。 回転ブラシのスイッチのバネが強すぎて、毛足の長い絨毯で使うとブラシは回転しませんでした。 ヘッドのライトは暗い隙間などがよく見えますが、肝心なノズルの形が悪くゴミを吸ってくれません。,ヘッドが思いしはずれる,2026-06-01,reviewer_ja_0647358,ja
en_0161547,product_en_0961850,kitchen,1,"Grill kept turning off. Had simple beef patties of recommended thickness and recommended serving size (palm of hand). It took 3 x the recommended cooking time, which to get THAT info had to Google it. Our unit came with no recipe book or general cooking times. Plus, the 2 patties I cooked at the sizes stated above was all you could get on grill. No way in the world you will get 5 servings on the surface unless you are cooking for Smurfs! I had one of the first models back in the day and absolutely loved it. Although the removable grills are easy and convenient to clean, I believe the model that just has them attached would be a smarter choice. I'm gun shy now and probably not repurchase, because I don't believe the quality is as good as older models.","Sometimes "" new and improved"" isn't always better",2026-06-01,reviewer_en_0269822,en
ja_0355135,product_ja_0233815,wireless,3,注文してから届くまでが凄く早かったです！ 色も可愛くて気に入りました。,可愛い,2026-06-01,reviewer_ja_0838710,ja
en_0677128,product_en_0243498,home,4,"This glue is the thin kind, not gel. The tips are very fine point. Perfect for my application, gluing fishing tubes to the jig heads. And small enough to keep in my jig box w my tubes without compromising space. I took off a star because the pin/plug always comes out of the plastic gripper, so after the first or second use you'll need pliers to pull the pin out of the tip...and they clog pretty commonly. But its a 5 pack so hey.",The tips are very fine point. Perfect for my application,2026-06-01,reviewer_en_0277972,en
zh_0277803,product_zh_0371202,digital_ebook_purchase,3,是鸡汤，无聊的时候翻翻的那种，没有网上说的那么好，不过还是可以看看，跟市面上那些让人恶心的鸡汤相比，还是很可以的了,我再说一次，是鸡汤,2026-06-01,reviewer_zh_0956997,zh
zh_0549444,product_zh_0337086,book,4,宝宝挺喜欢的幼儿书，就是有些不够耐心看啊！,不错的幼儿书,2026-06-01,reviewer_zh_0489304,zh
de_0078705,product_de_0374251,home,3,"Praktisch, Schick und tut was sie soll , leider ist mir das Handy jetzt wohl einmal zu viel runtergefallen und von unteren rechten Ecke ist der Gummipuffer rausgebrochen und das was noch dran hängt ist Spitz und unangenehm :(",Eigentlich gut,2026-06-01,reviewer_de_0958883,de
fr_0506812,product_fr_0162414,luggage,5,"Je suis vraiment heureux, cet oreiller m'aide à dormir, j’ai le cou raide depuis l’année dernière, ça me trouble depuis longtemps, merci les dieux! après l'achat de nombreux oreillers, j'ai trouvé le bon oreiller, la position avec laquelle vous dormez est importante, je dors sur le dos, cet oreiller en céramique m'est utile, j'espère qu'il vous aidera aussi",le recommander!,2026-06-01,reviewer_fr_0577656,fr
en_0447761,product_en_0455419,sports,4,"I love the fact that this stepper is built like the early-model steppers, with a pulley that draws up one pedal while you're stepping down on the other. It makes for a much smoother motion. My only complaint about this model is that it isn't anywhere near as heavy-duty or durable as one that would cost more. I looked about for someplace where I could buy spare parts, because the moving parts on this model are sure to wear out after so much use, but I couldn't find them anywhere. It's a great stepper for the price, but I wish I could get one that will last longer.",I wish I could purchase a higher-quality one of these.,2026-06-01,reviewer_en_0048539,en
fr_0178611,product_fr_0035077,home,1,Ca na rien avoir avec la photo ce n est pas conforme je ne recommande pas du tout ce produit,Tres decu,2026-06-01,reviewer_fr_0143023,fr
en_0658287,product_en_0592998,home,3,I am waiting to discover a difference in my sensitivity to mold. I have rhinitis and it doesn't appear to be helping with that either. Wish it did.,Not Sure What if Anything Has Changed,2026-06-01,reviewer_en_0640637,en
es_0541917,product_es_0142641,lawn_and_garden,2,la imagen habla por sí misma al segundo día de su instalación.,mecanismo facil de programar pero de baja calidad,2026-06-01,reviewer_es_0249399,es
zh_0477959,product_zh_0524420,book,1,下了单之后过了几天，卖家告诉我没货了，要我等几天。于是等了一个月左右，我想起来这件事，自己打电话给卖家，卖家说要退款。对卖家不负责的态度表示强烈不满。完全不推荐购买。,非常不负责,2026-06-01,reviewer_zh_0668406,zh
es_0370786,product_es_0131708,luggage,5,Lo que me a gustado es lo practico que es,Neceser,2026-06-01,reviewer_es_0018535,es
fr_0887873,product_fr_0444040,toy,5,"De très bonne qualité, de bonne taille, et l'arrivée de ce jouet a été une bonne surprise car je l'attendait après l'anniversaire de mon fils, il est arrivé 5 jours avant !",TOP,2026-06-01,reviewer_fr_0078538,fr
fr_0035495,product_fr_0709888,apparel,3,"mais a mon avis ne tiendrons pas dans le temps, l'elasticité au niveau des cuisses ne tiens pas la journée. mais bon pour le prix ca depanne bien",produit conforme... mais,2026-06-01,reviewer_fr_0609036,fr
fr_0222349,product_fr_0746021,drugstore,1,J’ai bien reçu l’article mais la date d’expiration de produit n’est pas visible!,Date de production et expiration,2026-06-01,reviewer_fr_0095362,fr
ja_0434750,product_ja_0676918,shoes,2,チャックの開け閉めが使いにくい・・・ 磁石が弱すぎてすぐ外れる。,改良して,2026-06-01,reviewer_ja_0352919,ja
es_0142682,product_es_0788567,sports,1,El pedido no llega. Y el vendedor no contesta,No recibido,2026-06-01,reviewer_es_0042919,es
ja_0909313,product_ja_0668319,beauty,4,少量でよく伸び、毎日全身に使ってもかなり持ちます。（私の場合は３ヶ月使えました）香りももちろん良いですが、ヨーロッパのホテルの洗面所に置いてありそうな素敵なボトルのデザインもとても素敵です。香り違いで２本まとめ買いしました。,伸びがよく、たっぷり使えます,2026-06-01,reviewer_ja_0958106,ja
ja_0995884,product_ja_0816266,sports,3,ジャイアント エスケープr3につけようとしたけど、ワッシャーが1つ邪魔。２つも付けられない。,邪魔,2026-06-01,reviewer_ja_0274689,ja
fr_0086181,product_fr_0440939,office_product,3,"Article arrivé avant la date donc super et en très bon état Mais il y a un mais, ce stylo qui devait écrire sur les cd dvd et bien ne le fait pas sur toutes les surfaces de cd dvd recommandation mitigée",PEU MIEUX FAIRE,2026-06-01,reviewer_fr_0187506,fr
zh_0483549,product_zh_0513890,beauty,3,说老实话，好像并没有什么用，继续用，会来改评论,作用不太大,2026-06-01,reviewer_zh_0666466,zh
en_0544320,product_en_0687796,beauty,2,Mine quit working 4 days after the return date just my luck It worked amazing till It stoped working.,Stopped working after a month,2026-06-01,reviewer_en_0185132,en
en_0900971,product_en_0630099,home,1,"Arrived broken!! 3rd electronic item I’ve purchased from Amazon, BROKEN. Never again! I have to waste my printer ink & my gas money to drop this off now for a return? 👎🏼 Horrible!",Arrived BROKEN!!!,2026-06-01,reviewer_en_0511259,en
es_0463900,product_es_0402141,camera,2,"El formato de las fotografías se aparta bastante del 16:9, cosa que sí hace en modo video. Asimismo, es díficil de mantener el enfoque en el momento del disparo. Tenía que haber cogido la Canon.",No me convence.,2026-06-01,reviewer_es_0095250,es
en_0697159,product_en_0828781,drugstore,5,"So I bought this on a whim when I started realizing my bunions were hurting more; especially when I was just rubbing lotion on them. Now my bunions aren’t as severe as others as I am trying to prevent future damage. Yesterday was my first day with them and I will say it does hurt at times, like in the sense of soreness. It actually woke me up in the middle of the night and I had to take them off, maybe they were too tight though. Anyway that was just the first day. I’m hoping to update on progress to show if it’s worth it. Wish me luck!",Will Update Progress***,2026-06-01,reviewer_en_0930172,en
en_0818894,product_en_0543404,camera,3,"I want to love this and truth be told it takes good images but it's so freaking complicated to know if it's recording or not. I wouldn't ever know until the end of the day when I went to check the video, but I never even got that far as I felt it was unnecessarily complicated. The seller/manufacture was more than helpful in making sure I got help with directions on how to use.",Not sure what to think - want to love it. Too complicated...,2026-06-01,reviewer_en_0645771,en
fr_0629425,product_fr_0459724,pc,2,Ne fonctionne pas mon réseau ne s'est pas amélioré du tout,Nul nul nul,2026-06-01,reviewer_fr_0075401,fr
ja_0370374,product_ja_0727762,office_product,4,かわいいし使いやすいです！友達とお揃いでこれから楽しみです！,みんな、かわいいって💕,2026-06-01,reviewer_ja_0418487,ja
ja_0043627,product_ja_0034975,electronics,2,さすがに低音は中々の迫力だが低音から高音迄の音質はあまり良くない‼️全体の音質ならハイレゾ対応ヘッドフォンの方がいいでしょう❗,音質が・・,2026-06-01,reviewer_ja_0586912,ja
es_0956240,product_es_0555102,camera,1,Compré dos y los dos aunque no hagas uso se estropea la grabación por sonido.,Fiasco,2026-06-01,reviewer_es_0399921,es
de_0042932,product_de_0743134,other,2,"Als ich die Maschine erhalten habe war ich zuerst positiv überrascht von dem wertigen Eindruck. Nach dem Öffnen der Tür kam mir jedoch ein Chemiegeruch entgegen der aber nach wenigen Tagen verflogen war. Gleich ist mir aufgefallen dass die Gummidichtung sehr dünn und damit weich war, was ich von meiner bisherigen Maschine so nicht kannte. Die ersten Waschvorgänge zeigten aber gleich zwei wichtige Schwächen der Maschine. 1. Die Programme lassen sich oft nicht manuell justieren, so dass man z.b. die Temperatur oder die Schleuderzahl nicht ändern kann. Das finde ich eigentlich wichtig und kannte ich von meiner alten Maschine. 2. Nun aber der entscheidende Konstruktionsfehler. Bei fast jedem Waschvorgang schieben sich kleine Wäschestücke wie Socken in die Gummidichtung. Am Ende kann man diese nass und ungewaschen raus holen was natürlich überhaupt nicht geht. Das Problem wurde auch in einer anderen Rezessionen erwähnt. Was Stiftung Warentest da getestet hat ist mir ein Rätsel weil so macht die Maschine keinen Spaß in der Nutzung. Ergebnis: Dank dem tollen Service von Amazon ging die Maschine zurück. Ich habe nun eine akt. Siemens gekauft welche rund 200€ teurer war dafür aber von Anfang an gute Ergebnisse liefert und keinen Ärger macht. Bessert hier Haier nach wäre die Maschine ansonsten ein gutes Produkt zu einem super Preis.",Eigentlich top aber ein Konstruktionsfehler,2026-06-01,reviewer_de_0171020,de
es_0296727,product_es_0178120,kitchen,4,Si la compras en color blanco es muy difícil limpiar del todo en cazo de las cápsulas.,Limpieza,2026-06-01,reviewer_es_0491504,es
de_0814135,product_de_0756311,pc,2,Der USB C Stecker hält nicht gut im Port -Rutsch ständig raus. Da er aber funktioniert wenn man ihn nicht anfässt gibt es dafür 2 Sterne,Rutsch ständig aus dem USB C Port,2026-06-01,reviewer_de_0135576,de
fr_0793335,product_fr_0539789,home_improvement,2,"Installer dans une chambre d'enfant, l'appareil semble faire son travail correctement (je n'ai pas d'hygromètre pour comparer les % d'humidité affichés). Par contre, il n'est PAS SILENCIEUX. On entend bien le ventilateur quand il est en marche (pas super pour la nuit). Autre gros point noir: après une journée dans le réservoir, l'eau sent le vieil aquarium... Je le nettoie/rince régulièrement mais rien n'y fait. Moyennement convaincu.",Fait son boulot mais...,2026-06-01,reviewer_fr_0044916,fr
fr_0473998,product_fr_0224568,book,1,"Je ne peux pas évaluer cet article chez vous comme tous ceux qui faisaient partis de la même commande et j'avoue avoir été très déçue par vos services .Poutant je commande régulièrement chez vous . En effet ces livres ( du 1 au 10 ) étaient destinés à un adolescent pour son anniversaire commandés avec amazon prime( un jour ouvré soit disant) suffisamment à l'avance pour être tranquille . Résultat livré en plusieurs colis , je le savais donc pas de problème puisque dans les temps . Mais j'apprends le MATIN de l'anniversaire en question par un mail le remboursement par amazon d'une commande suite à un retour d'un colis , précisément celui qui contenait la plus grande partie des livres . Le livreur a décidé de son propre chef le retour , il n'a pas pris le temps de s’arrêter à la poste pour déposer le colis comme on fait des collègues en d'autres circonstances . Je sais qu'ils sont toujours à la ""bourre"" mais quand même ... on paie un service !!!!! . Résultat cours acheter les livres manquants chez CULTURA ,pourtant ce n'était pas le moment j'avais tout le repas d'anniversaire à préparer pour toute ma famille .",Rien,2026-06-01,reviewer_fr_0169460,fr
en_0199722,product_en_0076025,sports,5,Used for kayaking and it was small and lightweight but was also large enough for 2 people to eat off of. I would buy again.,Awesome for kayaking,2026-06-01,reviewer_en_0937894,en
es_0363979,product_es_0577274,furniture,5,"Más allá de que el espejo es muy bonito y nos queda genial en el pasillo de entrada de la casa, merece especial mención la atención al cliente de casa chic (no les conocía hasta ahora), preocupados porque todo estuviera bien y ofreciendo su ayuda ante cualquier problema (que no hubo). Profesionales así se merecen que les vaya bien",ATENCIÓN AL CLIENTE EXCEPCIONAL,2026-06-01,reviewer_es_0660614,es
de_0968156,product_de_0776150,drugstore,4,"Ich verwende den Verdampfer jetzt schon seit 2 Jahren und bin sehr zufrieden. Der Verdampfer zieht sehr gut und entwickelt einen intensiven Geschmack. Was mir besonders gefällt, ist die Langlebigkeit der Verdampferköpfe! Ich hatte zuvor den Nautilus Mini gedampft und musste dort alle 5 Tage die Köpfe wechseln (Vieldampfer). Mit dem GS Air komme ich bis zu 3 Wochen mit einem Kopf aus. Das Befüllen muss mit Sorgfalt ausgeführt werden, es kann schnell was daneben laufen, aber das kann man üben. Und: ja, das Gewinde geht nach ca. 4-5 Monaten kaputt. Dann bestelle ich mir halt einen neuen - bei dem Preis ist das m.E. kein Problem. Insgesamt ein super Verdampfer für wenig Geld.",Guter Kopf mit kleinen Macken für wenig Geld,2026-06-01,reviewer_de_0920378,de
de_0255746,product_de_0822832,toy,5,"Meine Tochter liebt diesen Adventskalender. Auf der Rückseite des Türchens ist als ""Anleitung"" jeweils ein Bild des fertig zusammengebauten Gegenstandes. Die Altersempfehlung empfinde ich als etwas optimistisch: der Kamin heute hatte 18 Teile, das schafft ein 5-jähriges Kind noch nicht alleine. Aber wie gesagt, das Ergebnis zählt.",Einfach klasse,2026-06-01,reviewer_de_0762107,de
en_0850973,product_en_0133479,home,3,"I’m kind of new to quilting. In a resent class I found six inch ruler is not a six and a half needed for a lot of blocks. Also, my instructor found them worthless for making and cutting a 45* angle.",Not exactly what I needed.,2026-06-01,reviewer_en_0130605,en
es_0750645,product_es_0977000,pc,5,Pequeño y cómodo de utilizar,Tamaño,2026-06-01,reviewer_es_0437294,es
zh_0194204,product_zh_0713398,kitchen,3,没用几次密封圈就丢了，请问有没有售后的服务？,密封圈丢失,2026-06-01,reviewer_zh_0167987,zh
de_0361807,product_de_0008818,pet_products,5,"Mein Welpe, dzt ca 2 kilo, liebt den Rucksack er legt sich gerne rein und schläft sofort ein. (Jack Russel Mix). Praktisch ist, dass er 2 Öffnungen hat, und stabil gebaut ist. Er lässt sich sehr gut tragen. Hoffe ich kann ihn noch lange verwenden.","So praktisch, ich werde immer wieder darauf angesprochen.",2026-06-01,reviewer_de_0907217,de
ja_0441712,product_ja_0031029,pet_products,2,ほとんど乗らず、寝そべっても５分程度で移動する。,乗ってくれない,2026-06-01,reviewer_ja_0688016,ja
en_0703628,product_en_0320214,shoes,3,Golf. Have other brands that are more comfortable.,Made for narrow feet,2026-06-01,reviewer_en_0686705,en
es_0365465,product_es_0378300,beauty,5,"Me ha gustado mucho, deja el pelo muy bien. Lo tengo teñido y dañado, y he probado casi todas las marcas buenas. Repetiré. Es la segunda vez que la pido.",Lo recomiendo,2026-06-01,reviewer_es_0043282,es
de_0367922,product_de_0687827,electronics,3,"... Soundqualität außergewöhnlich gut, Batterielaufzeit auch. Allerdings klappt das Update übers Handy partout nicht und das Pairing mit meinem zweiten A1 funktioniert auch nicht richtig...",Insgesamt happy...,2026-06-01,reviewer_de_0824061,de
es_0533650,product_es_0829901,baby_product,4,"Mi bebé está guapísimo con los pañales y las diferentes posiciones de corchetes me permiten apretarle menos cuando tiene la barriguita hinchada y ajustar a medida q crece. El pañal recién lavado se seca muy rápido (el inserto de bambú tarda más) pero mejor desmontar los corchetes para secarlo. Alguna vez ha hecho mucho pipí y se ha escapado por un lateral, pero creo que también habría pasado con un desechable. Tenía ya otra marca de pañal de tela y puedo usar los insertos de uno en el otro sin problema aunque son diferentes :)",Monísimos y prácticos,2026-06-01,reviewer_es_0375940,es
zh_0372844,product_zh_0802531,beauty,1,很难推开，不好用，比较厚重，白花花一片。,难涂开,2026-06-01,reviewer_zh_0259748,zh
en_0937771,product_en_0423415,industrial_supplies,4,I have had it a few months now no issues. The price is right. It is better than I expected based on some reviews,A good aftermarket replacement,2026-06-01,reviewer_en_0320679,en
fr_0639531,product_fr_0300042,industrial_supplies,4,4 étoiles car elle se replie automatiquement quand on la met sur le côté. Seul point moyen. Très bon outils travail.,Satisfait,2026-06-01,reviewer_fr_0986535,fr
es_0391651,product_es_0399474,drugstore,3,Cuando llevas un rato la banda que pasa por las axilas duele y te puede llegar a hacer moratón,Flojillo,2026-06-01,reviewer_es_0506625,es
en_0348145,product_en_0355506,other,4,Took 4 days for shipping with no updates about late arrival.,Slow shipping,2026-06-01,reviewer_en_0760720,en
es_0582274,product_es_0662730,home_improvement,3,No viene con pantalla de repuesto y el vinilo de cuadros no está bien hecho por un lado.,Hace el apaño por su precio,2026-06-01,reviewer_es_0274226,es
zh_0500554,product_zh_0208495,book,1,第一次看书就从中间开裂了，这个质量也太差了,书包装质量太差,2026-06-01,reviewer_zh_0380877,zh
en_0283875,product_en_0484195,drugstore,3,"They come loose pretty easily, but they are really soft.",Three Stars,2026-06-01,reviewer_en_0608829,en
es_0070873,product_es_0712805,shoes,3,Solo el material es un poquito de baja calidad pero por este precio esta bien,Bueno,2026-06-01,reviewer_es_0798424,es
fr_0571491,product_fr_0768887,luggage,5,Sac taille parfaite pour la maternelle Tres belle finition en 3D,Parfait,2026-06-01,reviewer_fr_0859971,fr
zh_0253604,product_zh_0371205,book,4,书的内容不错，值得看。从科学的角度认识自己和异性，原来有这么多的差异。但是我真的对书的质量无法认可，太差了！！！我现在都不知道要在哪里买书了，亚马逊让我越来越失望了😞,希望亚马逊在书的质量上把关一下！！！,2026-06-01,reviewer_zh_0872696,zh
de_0370909,product_de_0091107,luggage,2,Nach gut 3 Monaten in Gebrauch sind die Reißverschlüsse an den Füßen bereits kaputt... Es gibt nur noch offen :-( für den stolzen Preis ist das leider nicht tragbar!,Keine gute Qualität für diesen Preis!,2026-06-01,reviewer_de_0401905,de
ja_0964738,product_ja_0730792,home,1,水漏れが激しすぎて使い物になりませんでした。もうすこし丁寧な作りを希望します。,最悪でした,2026-06-01,reviewer_ja_0365143,ja
es_0142628,product_es_0796040,office_product,2,El compás es nefasto. No vale para nada.,Compás nefasto,2026-06-01,reviewer_es_0495896,es
de_0854801,product_de_0007526,home_improvement,3,Leider lässt die Absenkfunktion schon nach ein paar Monaten extrem nach. Sehr schade da die Optik und sonstige Verarbeitung sehr gut ist.,Absenkautomatik funktioniert nur begrenzt,2026-06-01,reviewer_de_0836427,de
es_0718794,product_es_0363264,home,1,El mechero se queda sin chispa y luego el graduador de gas empieza a fallar cada vez a menos,Encendedor no confortable,2026-06-01,reviewer_es_0449639,es
fr_0758451,product_fr_0649740,beauty,2,"Alors pour se couper les ongles, bon courage... Mes ongles ne sont pas particulièrement épais, mais franchement ce coupe-ongle ne coupe RIEN (ah si, des ongles d'enfants...) Nul",Doit servir à couper ??,2026-06-01,reviewer_fr_0481281,fr
ja_0303448,product_ja_0681927,pc,5,素材が高級感ある。色も多くの中から選べて良い。MacBookと色が対応しているので揃えると格好いい。,MacBookとの親和性が高い！,2026-06-01,reviewer_ja_0204550,ja
en_0483682,product_en_0447170,toy,1,"unable to rate product because I never received it. After I waited over a week after it was suppose to be delivered, I contacted the seller and was told they did not know what happened to my order. Money was refunded but I was disappointed with customer service.",Product not delivered,2026-06-01,reviewer_en_0278629,en
es_0487010,product_es_0469070,home,2,"lo compre para mis padres llegaron CUATRO platos rotos, tres hondos y uno plano; nada mas que anadir. que pena, ademas estaba esperando recibirla para comprar la misma, poruqe me hacian falta dos y queria primero comprobar como eran. Mi padre tiro los trozos claro, no se a que tipo de devolucion se puede pretender",CUATRO PLATOS LLEGARON ROTOS,2026-06-01,reviewer_es_0575932,es
zh_0100712,product_zh_0366712,book,5,即将被禁的神作。拉什迪的文学实力不容置疑。,抓紧时间购买。,2026-06-01,reviewer_zh_0987229,zh
de_0856652,product_de_0570678,shoes,3,"Chucks sehen echt cool aus. Sie könnten zu meinen Lieblingsschuhen gehören. Allerdings wollen sie mich nicht. Sie drücken am kleinen Zeh, bis es übelste Blasen gibt. Weshalb ich sie schlussendlich wieder zurückgeschickt habe. Schade.","Sehen cool aus, drücken aber übelst",2026-06-01,reviewer_de_0419360,de
fr_0077746,product_fr_0726081,apparel,3,La fermeture à lâcher très rapidement mais sinon très chaud et doux,Dommage,2026-06-01,reviewer_fr_0337426,fr
de_0730118,product_de_0057246,drugstore,2,Eigentlich ist alles bestens aber: ich habe es bestellt wegen dem L-carnitin ! Schon das dritte Mal 😒 in der Beschreibung steht es drin aber wenn man die Ware in der Hand hält ist nichts aufgeführt. Sowas geht gar nicht! Ansonsten ist der Geschmack sehr fruchtig und gut. Ich trinke es echt gerne aber da es jetzt schon wieder passiert ist werde ich mir eine andere Firma suchen.,Kein L-CARNITIN aufgeführt!,2026-06-01,reviewer_de_0608556,de
en_0475539,product_en_0004309,home,4,"Good overall, I like the pre-filter is integrated with the primary filter. The extra foam at the bottom does not allow my filter switch to activate - so I had to add a piece of cardboard so it could see the filter is in place and the air cleaner could run.","Good option, good price",2026-06-01,reviewer_en_0945492,en
fr_0613633,product_fr_0969774,luggage,2,"Valise ne prévoyant pas d' élastique de maintient pour les vêtements ,froissage assurée... Cadenas inutile gadget et ne fonctionnant pas",Manque d' élastique de maintient des vêtement,2026-06-01,reviewer_fr_0094750,fr
ja_0828134,product_ja_0777629,apparel,4,サッカーしてて筋肉質だからきついかと思ったけど、伸縮あるしけっこうピッタリでした。170ガッチリ体型。,ちょうど良いしめつけの感じでシルエットも良い,2026-06-01,reviewer_ja_0787141,ja
de_0065684,product_de_0794526,home_improvement,1,Ist leider schon nach drei Monaten zerbrochen,Billiges Plastik,2026-06-01,reviewer_de_0999292,de
de_0954478,product_de_0542656,jewelry,4,Unschlagbar zu dem Preis,Gut,2026-06-01,reviewer_de_0215985,de
ja_0895548,product_ja_0410095,drugstore,5,私はこの小さなカメラが大好きです。 私は数年前にこの製品を知っていた願っています。 私は耳を検査するために時々病院に行きます。 しかし私は自分の耳の中を見る機会がなかった。 だから私はそこで何を見ようとしているのかわからなかった、絵はかなりはっきりしているが私は全部を見るのに十分にカメラを動かすことができない。 私の問題が何であるかを見るのに十分です。 多分それは皆に合っていないかもしれません。,一体化耳かきカメラ,2026-06-01,reviewer_ja_0644412,ja
de_0610730,product_de_0001533,wireless,1,"sensor neben kamera wird abgedeckt, handy funktioniert so nichtmehr und es kommt die meldung man solle den oberen bildschirmrand nicht abdecken. das 2. panzerglas dass ich nun bei amazon fürs p20 pro gekauft habe die nicht funktioniert/passt warum wird so ein dreck überhaupt produziert und verkauft? kann jedem nur davon abraten","totaler schrott, rausgeschmissenes geld",2026-06-01,reviewer_de_0354742,de
ja_0943536,product_ja_0942855,baby_product,2,同ブラシのスリムタイプの方が断然良いです。細かいところまで届いている感じがします。 ただ、こちらのスタンダードタイプは丈夫でずっと使っていても全然ボロボロにならないため、その点はスリムタイプに優っていると思います。,スリムタイプの方がよい,2026-06-01,reviewer_ja_0054275,ja
es_0093565,product_es_0418819,home,1,"No enfría nada. Pone aire acondicionado y no lo es. Es un ventilador, pequeño, y que saca poco aire por 35 euros. Por 20 euros tenéis lo mismo en el chino de al lado.",Estafa,2026-06-01,reviewer_es_0425477,es
de_0945231,product_de_0116027,pc,3,Der Stift fällt mir alle 5 Minuten aus der Hand.,Der Stift,2026-06-01,reviewer_de_0397889,de
es_0918778,product_es_0699109,electronics,2,"La app deja bastante bque desear con respecto a la de Xiaomi por ejemplo. Las horas de sueño, por ejemplo, las marca desde las 12 de la noche si o si. Así que si te duermes a las dos de la mañana y despiertas a las 8, te dice que tus horas de sueño son 8 ( aunque luego diga que has estado despierta dos horas, en los registros las horas de sueño totales son 8). Tampoco te deja ver en los gráficos con exactitud a qué horas te quedaste dormida o despertarse en medio de la noche. Además, el conector para cargar la pulsera me parece bastante endeble y fácil de romper, y el método de sacar la pulsera bastante incómodo.",App pésima,2026-06-01,reviewer_es_0752056,es
en_0631870,product_en_0186490,sports,2,Socks shrank after washing them and drying,Disappointed,2026-06-01,reviewer_en_0864467,en
ja_0072914,product_ja_0251506,pet_products,3,柔らかすぎて食べさしずらいです。 もう少し硬さがあった方が… うちには向きませんでした。,柔らかい,2026-06-01,reviewer_ja_0602288,ja
ja_0277712,product_ja_0281879,wireless,1,充電はできます イヤホンも刺さり、音は聞こえますが、バリバリとノイズが酷いです……,ノイズが酷いです……,2026-06-01,reviewer_ja_0081960,ja
zh_0102796,product_zh_0693913,digital_ebook_purchase,4,这本书是从朋友圈里看到，于是就很快地读了起来。文笔流畅，表达也贴合现代人的最真实的想法。很惊讶作者年轻就有这么多的经历……值得推荐给年轻的90后们！,励志,2026-06-01,reviewer_zh_0221933,zh
en_0945285,product_en_0060536,wireless,1,This DOES NOT fit a 2008 dodge 2500,Does not fit,2026-06-01,reviewer_en_0309693,en
en_0620464,product_en_0905841,shoes,4,Quality of the glasses.,Four Stars,2026-06-01,reviewer_en_0924266,en
es_0039051,product_es_0267971,automotive,1,Demasiado aparatoso No encaja bien en todas las tomas de mechero,Regular,2026-06-01,reviewer_es_0516163,es
fr_0613509,product_fr_0804968,wireless,1,Ne fonctionne déjà plus,Non,2026-06-01,reviewer_fr_0504157,fr
zh_0253685,product_zh_0036785,beauty,2,物流特别慢，快递都不打电话，等了好多天，产品没什么的感觉,物流慢,2026-06-01,reviewer_zh_0621576,zh
de_0898615,product_de_0497827,drugstore,5,"die tapes lassen sich sehr gut auftragen und halten super. Ich habe bereits einige Marken ausprobiert, aber diese tapes sind bisher die besten. Die werde ich auf jeden Fall wieder bestellen.","einfache Anwendung, super Halt",2026-06-01,reviewer_de_0065004,de
de_0767248,product_de_0751108,furniture,3,"Habe das für einige Hoodies genutzt. Soweit ganz in Ordnung. Die Verarbeitung ist gewöhnungsbedürftig, aber nicht schwer. Allerdings hat sich unser helles Papier beim ersten Waschen grau verfärbt, was schon blöd ist weil das Kleid nun nicht mehr so toll aussieht. Und raustrennen geht zwar, wäre aber mega aufwändig. Daher nur eingeschränkt zu empfehlen mit am besten immer sehr ähnlichen Farben..",Ganz ok aber verfärbt leider,2026-06-01,reviewer_de_0846402,de
ja_0084974,product_ja_0162433,apparel,1,未だに質問してる事に返事が無い。 購入者に謝罪もありません。,この商品を販売してる出品者を排除してください。,2026-06-01,reviewer_ja_0408253,ja
